AAAAAAATTTTATTGC,5
AAAAACTTATCTCTAC,5
AAAAACTTATCTTTAC,5
AAAAAGGAATCTATCA,5
AAAAATCTAATTTGGT,5
AAAAATCTAATTTGTT,5
AAAAATTCAGCAACTG,5
AAAAATTTGCTTTTTG,5
AAAACACAGTCTGTAC,5
AAAACACAGTTGATAC,5
AAAACACAGTTGATAC,5
AAAACCAGAACCTGTT,5
AAAACTAAATCTTTAT,5
AAAACTCAATCTTTTG,5
AAAAGAACTTCACAAC,5
AAAAGAAGGTCAAATC,5
AAAAGACAATGTACTC,5
AAAAGAGGACCGCTCC,5
AAAAGAGGACCTTCTC,5
AAAAGGCAACCGAAGA,5
AAAAGGCAACCGAGGA,5
AAAAGGTGACTATGGT,5
AAAAGTCGAGATAAGG,5
AAAAGTTAATTACTAC,5
AAAATACAAACAGCGC,5
AAAATACAAACAGCGC,5
AAAATACAAACAGCTC,5
AAAATAGGACCTGAGC,5
AAAATATTAACTGGTT,5
AAAATCTCAACTGTCC,5
AAAATGTTACTGAATC,5
AAAATTCTTCCTCACC,5
AAAATTGTATCTTGGT,5
AAAATTTCAACTATCC,5
AAAATTTCAACTGTCC,5
AAAATTTGAATGAGGG,5
AAACAAATCGCCAACC,5
AAACAAGATTCCCTGT,5
AAACAAGTGTTAGACT,5
AAACAAGTGTTGGACT,5
AAACAATCACCTGAAT,5
AAACAATCACCTGAAT,5
AAACAATCACCTGAAT,5
AAACAATGAGTTACTT,5
AAACAATGCTCTTCAC,5
AAACAATTACCAGAAC,5
AAACACTATATGGATA,5
AAACAGCAAGCAATTC,5
AAACATCAATGGAATT,5
AAACATGAACGTGATT,5
AAACCATAAACCCCAT,5
AAACCATAAACCTCAT,5
AAACGAACATGAAAAT,5
AAACTAAAACCCACGC,5
AAACTACAAGCAAGTC,5
AAACTATGACCCATCT,5
AAACTATTACTTTTGT,5
AAACTGTAGCTAAAGC,5
AAACTGTGTTTCTTTT,5
AAACTGTTTGTAGTGT,5
AAACTTTTACTGTTTT,5
AAAGAAAAATTTGGCT,5
AAAGAACAATCAAGGG,5
AAAGAAGAAGCTGTTA,5
AAAGAAGTTGTACAAT,5
AAAGACAGAATGAATG,5
AAAGACAGAATGATTG,5
AAAGACCAATAAATCC,5
AAAGACCAATCAACCC,5
AAAGACGAAGCTATTA,5
AAAGACTGAGTTATGC,5
AAAGAGCAGCTGTCAC,5
AAAGAGCCACCACATT,5
AAAGAGGAAGTTAAGC,5
AAAGATACAGCATGCT,5
AAAGATACGGCATGCT,5
AAAGATACTGCATGCT,5
AAAGATGAAGCCATTA,5
AAAGATTACTTCATGC,5
AAAGATTTGCTTTTTG,5
AAAGCAAATCCTTGGC,5
AAAGCATGTGCAGGGT,5
AAAGCTGTAGCTCGCA,5
AAAGGCTGAGCTATGC,5
AAAGGCTGAGTTATGC,5
AAAGGGCAAACGGGTG,5
AAAGGGCTATCATCTT,5
AAAGGTGAAGACATTC,5
AAAGGTTACTTCATGC,5
AAAGTGCAACTCGGTG,5
AAAGTGCAGCTCGGTG,5
AAAGTGTTACCTCCAC,5
AAAGTGTTGCCCCCAC,5
AAAGTGTTGCCTCCAC,5
AAAGTTATAGGAGGTT,5
AAAGTTATGACTTTCT,5
AAAGTTGCAACCATAC,5
AAAGTTTAGCTAGGTC,5
AAAGTTTCGACAAATC,5
AAATAAACTCTGGTTT,5
AAATAATGGCCAAAGC,5
AAATACGGTCTCGAAC,5
AAATACTATCCCACAT,5
AAATAGATGGCAATGT,5
AAATAGCTTCTAAGTT,5
AAATAGGACCTGAGCG,5
AAATAGGCGTCAACTT,5
AAATAGTAAGCACTGT,5
AAATATGCAGCAGATT,5
AAATATTAAATGCAAC,5
AAATATTTGTTGATGG,5
AAATCAATACTGAGTC,5
AAATCACCATCAACCC,5
AAATCACCATCAACCC,5
AAATCACTATCAATCC,5
AAATCAGAGCTACATC,5
AAATCAGATTTTCAGC,5
AAATCATAGCTACATC,5
AAATCCCAGTCTAAGC,5
AAATCGGTTTCTTGCC,5
AAATCGGTTTCTTGCC,5
AAATGAAGAACAAGCT,5
AAATGAATCTCTCATC,5
AAATGAGTACCGACAG,5
AAATGCACATCTGTGG,5
AAATGCTTTTCTGTAT,5
AAATGGAAATTTCCTC,5
AAATGGCAGCCTGGTT,5
AAATGGCAGCCTTGTT,5
AAATGGCAGCTTGGTT,5
AAATGGTATTCCACTT,5
AAATGTACATCTGTGG,5
AAATGTCTACTTAGCT,5
AAATGTCTACTTAGTT,5
AAATGTGTACCATATT,5
AAATGTTAATCGCTTC,5
AAATGTTAATCGCTTC,5
AAATGTTATTTTTAGT,5
AAATTAAAACCTATGC,5
AAATTAAAACCTATGC,5
AAATTACAAGTAAACC,5
AAATTACAAGTACACC,5
AAATTACAATCAAAAC,5
AAATTACAATCTAGTC,5
AAATTACAATCTAGTC,5
AAATTACAATCTAGTC,5
AAATTACCATCAACCC,5
AAATTAGGAGCGTCGC,5
AAATTCTATTCTGGAT,5
AAATTGAAACCAGCAC,5
AAATTGGGAGCTTCGC,5
AAATTGTAGCTAGAGC,5
AAATTGTTATGAATGC,5
AAATTTCAAACAGTTA,5
AAATTTCTGGCTATAC,5
AAATTTCTGTCCGTGT,5
AAATTTTAACACACTC,5
AAATTTTAACTAAACC,5
AAATTTTGGGTTATTC,5
AAATTTTTAGCTGACC,5
AAATTTTTGGCTGACC,5
AAATTTTTGGCTGATC,5
AACAACTAATCAGGGC,5
AACAACTTAGTGATAT,5
AACAAGCCTTTTTCTC,5
AACAAGTTAATTATGT,5
AACAATGCACAGGCTC,5
AACAATGGACCTCATG,5
AACAATTATTCCAAAC,5
AACACAAGACCATGTT,5
AACACCCAACCTCCCT,5
AACACCCATTCTACCA,5
AACAGAATGGCTGAAC,5
AACAGCGTATCACCAC,5
AACAGCTGCTTTATGC,5
AACAGCTTAGTGACTC,5
AACAGCTTAGTGATAT,5
AACAGCTTAGTGATAT,5
AACAGCTTAGTGATTC,5
AACAGGGCAACCTTAC,5
AACAGTTAAACCTGGT,5
AACATAGCAGTGGTGT,5
AACATAGGTACTAATG,5
AACATATTACTAACAT,5
AACATATTACTAATAT,5
AACATATTTTCTGTTC,5
AACATGTTACCTTCTT,5
AACATTAGATCTGCTT,5
AACATTGAAGCATTTC,5
AACATTTCTCCATGAT,5
AACATTTGTTCAGAGC,5
AACATTTTGGCGTTAC,5
AACCAAAGTTCTCTAC,5
AACCAAATACCTGGTG,5
AACCACAAATCATTAC,5
AACCACTGCTTTTGCT,5
AACCCACAGCTAAGTA,5
AACCCGATGCCACCAC,5
AACCGGATATGAAAAT,5
AACCTATTACTGTGTC,5
AACCTGATGCTACCAC,5
AACCTTAAGCTTAGAG,5
AACCTTCATTCAGAGC,5
AACCTTCGTTCAGAGC,5
AACCTTGCACCCCACC,5
AACCTTTGTTCAGAGC,5
AACGAAAAATGGGTTT,5
AACGAACAATGTTTGT,5
AACGATAAATCTCATT,5
AACGATGATACTAGTG,5
AACGATGATACTAGTG,5
AACGGCAAACCACAAG,5
AACGGCAAACCACAAG,5
AACGGCAAACCACAGG,5
AACGGTGAACTCGAAG,5
AACGTAAGACCATTTT,5
AACGTAAGACCTTTTC,5
AACGTAATGTTCTGCC,5
AACGTAGAAGTATTTC,5
AACGTGTACGCCAAGC,5
AACGTTAAAACCTGGT,5
AACGTTGAAACCTGGT,5
AACTAAAGAGTCTCTT,5
AACTAAATACTTAGTT,5
AACTAAATATTATATT,5
AACTAACATTCTTCTC,5
AACTAACGATTTGTAC,5
AACTAAGAAACTGCGC,5
AACTAAGAAACTGCGC,5
AACTAAGAAACTGCGT,5
AACTAAGATTCAAAAC,5
AACTAATGACCCACAG,5
AACTAGGTGGTAACCC,5
AACTAGTGACCCACAG,5
AACTAGTGACTCACAG,5
AACTAGTGATCCACAG,5
AACTCGAAAATAAATT,5
AACTCGAAAATAAATT,5
AACTGAAGATTAATGC,5
AACTGAGGGTTAATTC,5
AACTGATAAATATTAT,5
AACTGGAGTTCATGCT,5
AACTGGTAAACATGAG,5
AACTGTAAAACCAGGT,5
AACTGTTAAACCAGGT,5
AACTGTTAATCAAGTT,5
AACTGTTGATGGTGTC,5
AACTGTTGATGGTGTT,5
AACTTAAAAGCGTCAG,5
AACTTATGCTTAAGGC,5
AACTTCTCATTGTTTT,5
AACTTGCAAAGAATGT,5
AACTTGCTAATAGCAT,5
AACTTGTAATTTAGGG,5
AACTTTCGTTCAGAGC,5
AACTTTGAAACCTGGT,5
AACTTTGAGCTCACTT,5
AACTTTTGTTCAGAGC,5
AAGAAACAATTTATTG,5
AAGAAACACGCAAATT,5
AAGAAACACGCAACTT,5
AAGAAACATCTCTTAC,5
AAGAAACGAGTAACTC,5
AAGAAACTGCTCTTAT,5
AAGAAAGGACCACATG,5
AAGAAAGGGCCACATG,5
AAGAAAGTTGCAACCA,5
AAGAAATCACTGTTGC,5
AAGAAATGGCTCTCAC,5
AAGAAATGGCTCTTAC,5
AAGAAATTGGCAGAAC,5
AAGAAATTGGCAGCGC,5
AAGAAGATGGCACAAC,5
AAGAAGCAGTTAGGAC,5
AAGAAGTTACAGAGAC,5
AAGAAGTTACTCATAT,5
AAGAATCTACTTAAGC,5
AAGAATCTACTTAAGC,5
AAGAATTTACTTAAGC,5
AAGAATTTGCCACCCG,5
AAGAATTTGCTACCCG,5
AAGAGAGAAGTTGCTT,5
AAGAGAGTGTTAAGTC,5
AAGAGATCACTGTGGC,5
AAGAGGAATCGTAGTC,5
AAGAGGCAAGTGTCCC,5
AAGAGGCAAGTGTTCC,5
AAGAGTTACTTGATGT,5
AAGAGTTTAATGATTT,5
AAGATAATGCCGTTGC,5
AAGATACTATTGATGG,5
AAGATGCAATTTAGGT,5
AAGATGGTGACGATGT,5
AAGATGTTACTGAATC,5
AAGATGTTACTGAATT,5
AAGATTTTAATGTGTG,5
AAGATTTTACTGAATC,5
AAGCAAAAACCTATGA,5
AAGCAAGGTCCAGCAT,5
AAGCAATGGCCTCTCG,5
AAGCAATGTTGGACTT,5
AAGCAGAAACTCTTCC,5
AAGCAGAAACTTTTCC,5
AAGCAGAAGTCGTTGT,5
AAGCAGAAGTTGTAGT,5
AAGCAGAAGTTGTTGT,5
AAGCAGTTTTGGTTAC,5
AAGCATATATTGACGC,5
AAGCATATATTGACGC,5
AAGCCATCTCTAGCTC,5
AAGCCATTTCTAGCTC,5
AAGCCGCGTACACTTC,5
AAGCCTCAAGCCCCAT,5
AAGCTATAGCTGTAGC,5
AAGGAATGGACAATCT,5
AAGGAATTGCTTGACT,5
AAGGAATTGCTTGCCT,5
AAGGAGAAGTCAGCTC,5
AAGGAGCACATGTTGC,5
AAGGAGCAGCTGCAAC,5
AAGGAGCTTTCAGGCC,5
AAGGAGCTTTCAGGCC,5
AAGGAGCTTTCAGGTC,5
AAGGAGTATTTTAATT,5
AAGGATAAGTCAGCTC,5
AAGGATCTTTCAGGCC,5
AAGGCACAATCCAAGC,5
AAGGCTCAATTTAAAC,5
AAGGCTCAGTTTAAAC,5
AAGGGTAAATGTGTTC,5
AAGGTAAAACCAACAG,5
AAGGTAAGATTTTATC,5
AAGGTACTATGTATTT,5
AAGGTATGGTTTTAAT,5
AAGGTCCTTTTATGTC,5
AAGGTGACGGCATTTC,5
AAGGTGCTTTCAGGCC,5
AAGGTGGTTGCCGCAC,5
AAGGTGGTTGCCTCAC,5
AAGGTGTTGCCTCCAC,5
AAGGTTGATTCAACCT,5
AAGGTTGGTTTAACAC,5
AAGTAAGATTTTATCG,5
AAGTAATTGCCGACAA,5
AAGTAGTATTTGAAAG,5
AAGTCAGAACTTTTTC,5
AAGTCAGAATTTTTTC,5
AAGTCAGAATTTTTTT,5
AAGTCTTGTGTAAATC,5
AAGTGAATAGCTTGGC,5
AAGTGATGGACAGCCT,5
AAGTGCCTGCCAATTC,5
AAGTGGACATCTTGCT,5
AAGTGGACATCTTGTT,5
AAGTGGTGATTACACC,5
AAGTTAAAGCCCAATC,5
AAGTTACAATCAAAAC,5
AAGTTACAATCAAAAC,5
AAGTTACAATCAAAAC,5
AAGTTACAATCAAAGC,5
AAGTTACATATGGTAC,5
AAGTTATTGCCAAGGC,5
AAGTTCTAACTAAAAC,5
AAGTTGAAAACATGAC,5
AAGTTGTAGGCAATGT,5
AAGTTTAAGACTATTT,5
AAGTTTGCACTTATGC,5
AAGTTTTCACTTTACC,5
AATAAAAGATGGCAGC,5
AATAAAAGCGCTGGTT,5
AATAAAATGTTTGTTT,5
AATAAACAAATTGTTC,5
AATAAATTTGTGTGAC,5
AATAAATTTGTGTGAT,5
AATAACTTATTGCAAC,5
AATAAGAAATTGTATG,5
AATAAGCCTCTTTCTC,5
AATAAGGCTCTGAAAC,5
AATAAGTGGTTGGAGC,5
AATAAGTTGTCTAAGT,5
AATAATCAAACTAATT,5
AATAATGGACCTCACG,5
AATAATGGACCTCATG,5
AATAATTAAACTAATT,5
AATACCCAACCTTCCT,5
AATACCCTGTTAGTTC,5
AATACTACAACAGAAC,5
AATACTGATACTGTCC,5
AATAGAAGAATTATTC,5
AATAGAATGGCTGAAC,5
AATAGAGACACCGGTC,5
AATAGAGGAACTCTTC,5
AATAGAGGAGCTCTTC,5
AATAGATCAGGATTTT,5
AATAGCTTGGCTATCT,5
AATAGGTTGGTTACTC,5
AATAGTCGAACACACC,5
AATAGTCGAACATACC,5
AATAGTCGACCAGGTT,5
AATAGTTGAACACACC,5
AATATATAACTTGGTT,5
AATATATAATTTGGTT,5
AATATCTGATATGTAT,5
AATATCTTATCAGTTA,5
AATATGAGCCCAAAAC,5
AATATGAGTCCAAAAC,5
AATATGTAATAGTTGC,5
AATATGTAATAGTTGC,5
AATATGTTACCTGCTT,5
AATATTAAATCTAAAC,5
AATATTTAAATACTAC,5
AATATTTTAACAGTAC,5
AATATTTTTATTATTT,5
AATCAGCATCTGATTT,5
AATCAGCTGCTCTTTC,5
AATCAGCTGCTCTTTC,5
AATCAGGTAGTCACAT,5
AATCAGGTAGTCACAT,5
AATCATAAACCACAGT,5
AATCCAGTAGTAGAGC,5
AATCCATAAGCTTGTT,5
AATCCGGTACCGAAGT,5
AATCGTTGAGCGCAAC,5
AATCTACCACCAACTC,5
AATCTGCTACGTGTAT,5
AATCTGGAGTTTATTC,5
AATCTTAAACCTATGC,5
AATCTTAAGCCTATGC,5
AATCTTAAGCTTAGAG,5
AATCTTAATACTAATC,5
AATCTTATGCCTGCTG,5
AATCTTATGCCTGCTG,5
AATCTTGTATTTAACA,5
AATCTTTGTTTAGACC,5
AATGAAGAATTGGTTT,5
AATGAATCTCTCATCG,5
AATGAATTACCAAGTC,5
AATGAATTATCAAGTT,5
AATGAATTCTCGTAAC,5
AATGAATTGTCACGCC,5
AATGACCGATTGTCTG,5
AATGAGATTGCAAGCA,5
AATGATAAATCGGTGC,5
AATGATAAGTCAGTGC,5
AATGATAAGTCGGTGC,5
AATGATAAGTCGGTGC,5
AATGATTGCTCAATAC,5
AATGCATTACCAGAGT,5
AATGCATTACCAGAGT,5
AATGGAATACGTGTCT,5
AATGGATCTTCTTCTC,5
AATGGCACAACCATCT,5
AATGGCAGACCTCGTC,5
AATGGCTAATTTGGCT,5
AATGGCTAATTTGGTT,5
AATGGCTGATTTAGTC,5
AATGGGCATTTTGTCT,5
AATGGTAAGACAGTTT,5
AATGGTTAATTGGTTT,5
AATGTACATTTGTGGT,5
AATGTCGGATTTTGTT,5
AATGTCGGATTTTGTT,5
AATGTCTAAACTAAAC,5
AATGTTAAACCTGGTG,5
AATGTTGGACTGAGAC,5
AATGTTTGAACCACGT,5
AATGTTTTAGCCTGTT,5
AATTAAAAATTATGGT,5
AATTAAAAATTTATCT,5
AATTAAAAATTTTGAT,5
AATTAAACGGTTACAC,5
AATTAAATGGTTACAC,5
AATTAACTATCTTGGT,5
AATTAAGGACCTCATT,5
AATTAATGAGTTATTT,5
AATTAATGAGTTGTTT,5
AATTACCGACTGCCAT,5
AATTACGCGGCAAGTT,5
AATTAGAAGGCTATGC,5
AATTAGAGATCTTCTC,5
AATTAGAGATGGAACT,5
AATTATGAACTAGAGA,5
AATTCAAAGACAACGT,5
AATTCAAAGTGAATTC,5
AATTCAAAGTGAATTC,5
AATTCAGAATCAAACT,5
AATTCCAGATCTACTT,5
AATTCCAGATCTACTT,5
AATTCTATACCAAATT,5
AATTCTTTAGTAGTTT,5
AATTGACTACCTCATT,5
AATTGAGGAGTTTGCT,5
AATTGAGTATAAACCT,5
AATTGATAGTTAGTTA,5
AATTGATGACCATCGT,5
AATTGATGAGTTTGCT,5
AATTGATGATCATCGT,5
AATTGATGATCATCGT,5
AATTGATGATTATCGT,5
AATTGATGGTGAAAAT,5
AATTGCATACCGCAAT,5
AATTGCCAAATTACAC,5
AATTGCTTACTAAAGC,5
AATTGCTTACTCTAAT,5
AATTGGAATGTGGAGT,5
AATTGGCTGTTAATTC,5
AATTGTGTGTCGCTTT,5
AATTGTGTGTCGTTTC,5
AATTGTGTGTCGTTTT,5
AATTGTTAAACCAGTT,5
AATTGTTTAGCTAGTG,5
AATTGTTTGCAGGTTT,5
AATTTAAAAACTCTGT,5
AATTTAAATTCTATGA,5
AATTTAAGACCAGATC,5
AATTTAATAGGTTGGC,5
AATTTAATAGGTTGGC,5
AATTTCCAACCACTGT,5
AATTTCTATTGTTGAT,5
AATTTGCATCTCACTT,5
AATTTGCCACCTTGCC,5
AATTTGTCACCGACCC,5
AATTTGTCACCGACCC,5
AATTTGTCACTGACCC,5
AATTTGTTACCGACCC,5
AATTTTAAATCTATTT,5
AATTTTAAATTGATAG,5
AATTTTACATCAATTT,5
AATTTTACATCCATTT,5
AATTTTCCACTTACCC,5
AATTTTCCACTTACCC,5
AATTTTCCACTTACCC,5
AATTTTGTGCTACATT,5
AATTTTTATTGAAACT,5
AATTTTTCATTTGTTT,5
AATTTTTTAGTAGTTT,5
ACACAGGCACCTACAC,5
ACAGCACTATCAACAC,5
ACAGGGTAAACAAAGT,5
ACAGTACTATCAACAC,5
ACATTTTCACCGAGGC,5
ACATTTTCATCGAGGC,5
ACCGTACAAGGTTTGC,5
ACGCAGTGTTCGACAC,5
ACGTAGTATCCGGCAC,5
ACGTAGTATTCGCCAT,5
ACGTAGTATTCGGCAC,5
ACGTTATAGCCTTGCT,5
ACTCAAAAGTCAAAGT,5
ACTCTAAAACCAGACG,5
ACTTAAGTACCTTATC,5
ACTTGAGAACCCAACC,5
ACTTGTTAAACAACTT,5
AGAAAAATGGCATTCC,5
AGAAAATTGTTAAGGG,5
AGAAACCAACTGAAAC,5
AGAAATCCACTAAGAT,5
AGAAATCCATTAAGAT,5
AGAACATGTCCAAATT,5
AGAACCTAGGCACTTC,5
AGAACCTAGGCATTTT,5
AGAACTCTGTCAACTC,5
AGAAGGCCGCTATAAC,5
AGAATTAGAGCTTCAC,5
AGAATTTAGGTATATG,5
AGACAAGATGGAAGAC,5
AGACCACAAACCACAT,5
AGACCATAAGCCACAA,5
AGACGTGGTCCAGAAC,5
AGACTATTACCAGCTG,5
AGACTCAGACTAATTC,5
AGACTTGTAACACACC,5
AGAGAAAAATTATTAT,5
AGAGAAACATTCATTC,5
AGAGAAACATTCGTTC,5
AGAGAAGAAACTGGCC,5
AGAGAAGCACTGTTAC,5
AGAGGAAAAGTTGGAC,5
AGAGGAGAAGTTGGAC,5
AGAGGAGAAGTTGGAT,5
AGAGGGTAGCCCAGTT,5
AGAGGGTAGTTCAGTT,5
AGAGTAAAGTTGTTTC,5
AGAGTAAGGTTGTTTC,5
AGAGTCCAACCAACAG,5
AGATAAAAATTTGCAG,5
AGATACTAATTTTTTA,5
AGATATCAATTTAAAC,5
AGATCATAAGCCACAA,5
AGATGACAATTTAATT,5
AGATGATAATCAAACT,5
AGATGATTACCAAGGT,5
AGATGGCAACTAGCAC,5
AGATGGCTAACGTCTC,5
AGATGGTTTTGTGCAC,5
AGATTATAACCTTTCT,5
AGATTGGAAACCTGGT,5
AGATTTAAAGCTTGAC,5
AGCAAAAAGTCACAAC,5
AGCAAAAAGTCACAAT,5
AGCAGAGCAGTTAACG,5
AGCAGAGCAGTTAATG,5
AGCAGATTTTCTTGCT,5
AGCAGTTAATTAAAGT,5
AGCATATAATCTTGTC,5
AGCATTTTTCTATGAT,5
AGCCAGGGACGTGTTG,5
AGCCTAATTTTGACTT,5
AGCCTTTAAGCAGAGT,5
AGCGAGACACTGTTGC,5
AGCGATAGGTTTTATC,5
AGCGCAACATTAAACC,5
AGCGGAGAAGTTGGCT,5
AGCGGAGGAGTTGGCT,5
AGCGTAACATTAAACC,5
AGCGTAATGTCCTGCC,5
AGCGTAATGTCCTTCC,5
AGCGTAGAGGTATTTC,5
AGCGTATGGCTGATTT,5
AGCGTATGGCTGATTT,5
AGCTAGCGAGCTATCT,5
AGCTAGCGAGCTGTCT,5
AGCTAGCGAGTTATCT,5
AGCTATGGACTCTGGT,5
AGCTATTTTGCAGTAC,5
AGCTCTGTACCTTGAC,5
AGCTGACCAGTTGTCT,5
AGCTGATCAGTTGTCT,5
AGCTGATGATTTTGTC,5
AGCTGATGATTTTGTC,5
AGCTGATGTGCCAACC,5
AGCTGGCAAACAGACT,5
AGCTGGTAAACAGACT,5
AGCTTCGAGTTGCTTC,5
AGCTTCTGGGCTTTTT,5
AGCTTGTAATTTAGGG,5
AGCTTTCTACCAAGGT,5
AGCTTTTAAACAAAGC,5
AGGAAACAACTATCCC,5
AGGAAACAACTATCTC,5
AGGAACATACGAGGGC,5
AGGAAGAAATTCTTCT,5
AGGAAGAAATTTCCTC,5
AGGAAGAAGACGGATT,5
AGGAAGAAGACGGATT,5
AGGACTCTACCAGTGT,5
AGGAGCTGAGCATGTC,5
AGGAGGTGATCTACTT,5
AGGCAATAAGTTTTAT,5
AGGCCAAAACAGCGCC,5
AGGCCATTTCTAATTC,5
AGGCGGCAGTCAAGCC,5
AGGCTACAACCAAGAC,5
AGGCTACTAACAATGC,5
AGGCTGATACCGAACA,5
AGGGGTAGAAGAGCTC,5
AGGTAACAAACCAACC,5
AGGTAGGAATTTATCA,5
AGGTCAAGAGCAAACT,5
AGGTGAACGCTAGTAT,5
AGGTGACAGTTGTAAC,5
AGGTGTATTGCCTGTT,5
AGGTGTTCTGCCTGTT,5
AGGTGTTTTGCCTGTT,5
AGGTGTTTTGCCTGTT,5
AGGTTACCACCCAGCT,5
AGGTTTTTACCTAAAT,5
AGGTTTTTACCTAAGT,5
AGTAAATGAACTACTT,5
AGTAAATGAACTACTT,5
AGTAAATGAGCTACTT,5
AGTATAACATTAAATC,5
AGTATGCCGCCATTAC,5
AGTATGCTGCCATTAC,5
AGTCAATGATTTACTT,5
AGTCAATGGTTTACAT,5
AGTCAGCTTATGTGTC,5
AGTCAGTAATCAAAAC,5
AGTCATATAACATTTT,5
AGTCATATAATATTTT,5
AGTCGCAGATTCTTAC,5
AGTCTAGAAATACCAC,5
AGTCTATGATATTGGC,5
AGTCTGCTACGTGTAT,5
AGTCTTAAATCAGAGC,5
AGTCTTAAATCATAGC,5
AGTGAACAAGTTATAC,5
AGTGAAGAGATTGTAC,5
AGTGAGATAGCCAAGC,5
AGTGATGTGCTTTACC,5
AGTGGAAAAGCCAAAC,5
AGTGGAATACGTGTCT,5
AGTGGTAAAGTTAAAC,5
AGTGGTAGGTTGTTGT,5
AGTGTATTTTTAATTC,5
AGTGTTATACCTAGCT,5
AGTGTTATACCTAGCT,5
AGTGTTGATTCTAATT,5
AGTTAAGGACTACGTC,5
AGTTAAGGACTATGTC,5
AGTTAAGTATTAATAC,5
AGTTAATGATTTATGT,5
AGTTAATGTTTTGGTC,5
AGTTAGTAATCAAAAC,5
AGTTAGTAATTAAAAC,5
AGTTATAAACCTACTT,5
AGTTATAAACCTATTT,5
AGTTCTCTTGCAAGGC,5
AGTTCTGAGTTGAAGC,5
AGTTCTGAGTTGAAGC,5
AGTTGAGGATGCTTAC,5
AGTTGCAGATTCTTAC,5
AGTTGCTTACTCTAAT,5
AGTTGGTGAATGCCGT,5
AGTTTACTACCAGCTT,5
AGTTTAGTAGAAACAC,5
AGTTTGCTGGTTATGC,5
AGTTTGGTACAAACAC,5
AGTTTGTAATCAAAAC,5
AGTTTGTGACAGATCC,5
AGTTTTAAATCAGAGC,5
AGTTTTAAATCATAGC,5
AGTTTTAGATCTAAGT,5
AGTTTTCAGCCTTTGT,5
AGTTTTCTACCAAGGT,5
ATAACAGTAACTATGC,5
ATAATATAAGTGTTGC,5
ATAATATAAGTGTTGC,5
ATAATGGGACCAATGT,5
ATACTTTAACTATAAT,5
ATAGACACACCTACCG,5
ATAGACACACCTACTG,5
ATAGAGTTAACACGGC,5
ATAGTACCATCAACAC,5
ATAGTACTGCTATTTC,5
ATATAACCACTTACCC,5
ATATAACTGCTAAGGA,5
ATATGATGGGTTACGT,5
ATATTGTTATTTTCGC,5
ATCCAGCAATGGATCC,5
ATCGTTTAAGCAGCTC,5
ATCTAGCATTCTTTAC,5
ATCTGGAAATCCTGAC,5
ATCTGGGAATCCTGAC,5
ATCTGGGAATCCTGAT,5
ATCTGGGAATCTTGAC,5
ATGAAAAACTCAAACC,5
ATGAAGTAAACTAAAC,5
ATGATTTAACCATGCC,5
ATGCAGCAAACCACTC,5
ATGCTATGGGCAAACC,5
ATGCTGAATTCCTTCC,5
ATGGAATAACCAAACT,5
ATGGTATTGCTTATAC,5
ATGTCTAATACGACGC,5
ATGTGACATCTAATGT,5
ATGTGATTACTTGTAT,5
ATGTTAATACCCATTC,5
ATGTTATGACATAGGC,5
ATGTTATGACATTGGC,5
ATGTTCCAACCTCGTT,5
ATGTTGCAATCACTCG,5
ATGTTTCAACCTCGCT,5
ATGTTTCAACCTCGTT,5
ATTAAACATGCAGATT,5
ATTAAATATGTTGCAC,5
ATTAAATGATTTAGTT,5
ATTAACGGGCTTATGT,5
ATTAAGCATGCAGATT,5
ATTAATAAACCATTGC,5
ATTAATATCCCTGATT,5
ATTAATATCCCTGATT,5
ATTAATTATGTGAAGT,5
ATTAGGAGACCATTCC,5
ATTATAAAATTGACAC,5
ATTATATTATCAAAAT,5
ATTCCATAATCAAGAC,5
ATTCGAACATCAGCGT,5
ATTCGAAGACCCAGTC,5
ATTCTTATATCATGCC,5
ATTGCGGGACCAAAAG,5
ATTGGGTAATTTGGGC,5
ATTGGGTAATTTGGGC,5
ATTGTTGGATTAGTAC,5
ATTGTTGGGTTAATGC,5
ATTGTTTAACCTCATC,5
ATTGTTTAACTTCATC,5
ATTTAAAAAGTGCCGT,5
ATTTAACAACTTTGTC,5
ATTTAATAATTTTTTT,5
ATTTAGAGGCTATGTC,5
ATTTAGAGGCTATGTT,5
ATTTGAGAATCCTCAC,5
ATTTTGAAGCCGAGTT,5
ATTTTGAGAACGACTC,5
ATTTTGCCATCGGACT,5
ATTTTGTGGCTTATGT,5
ATTTTGTTATCAAAAC,5
ATTTTGTTATTAAAGC,5
CAAAAAGAAATTGACC,5
CAAAAAGAGTCAGATG,5
CAAAAATGACAAAAGC,5
CAAAAATTGTCAGTGC,5
CAAAACAGTACAACGT,5
CAAAACTTACTACAGT,5
CAAAACTTACTATGGC,5
CAAAAGCAGTCTGTAT,5
CAAAAGTAACTAGTGC,5
CAAAAGTGGTCAAGGT,5
CAAAAGTTACTAGTGC,5
CAAAAGTTCACTGATG,5
CAAAAGTTGTAAGTGC,5
CAAAAGTTGTTAGTGC,5
CAAAAGTTTACTGATG,5
CAAAATCAAACTTTAC,5
CAAAATCAGCGAAATG,5
CAAAATCCACTTGCTG,5
CAAAATGAAAGAGCTC,5
CAAAATGTGACAGAGC,5
CAAAATTTACTACAGT,5
CAAACAAAAACTCCTC,5
CAAACAAAAACTCCTT,5
CAAACACAGCTTTTGG,5
CAAACAGAACTTTTAT,5
CAAAGACTGACAAAGA,5
CAAAGAGATTTCAACC,5
CAAAGCTTGCCCATTG,5
CAAAGGCTATCAAGTG,5
CAAAGTAAAGCAATCG,5
CAAAGTCTACTATGGT,5
CAAATAGAACTTTTAT,5
CAAATAGCACCTGTTC,5
CAAATATTACCAGATC,5
CAAATCCAACCATAGC,5
CAAATGAATCTTAAGT,5
CAAATGGAAACTGACT,5
CAAATGGGACGAACAC,5
CAAATGGGATGAACAC,5
CAAATGTTATCTGATT,5
CAAATGTTGTCTGATT,5
CAAATTCAATCAAAAT,5
CAAATTGTATCTAGGT,5
CAAATTTGAACAATTT,5
CAAATTTGAGCAATTT,5
CAAATTTGATGAAGAC,5
CAACAAAAACCAGAAC,5
CAACAAATGGCCGTGG,5
CAACAAGAAGCTACTC,5
CAACAAGGATTATGCT,5
CAACACCACTCATGTT,5
CAACACTTGCCTAACC,5
CAACAGAAACCATTAC,5
CAACAGCAGCCAAACT,5
CAACAGTAGACAACAT,5
CAACATTCATTGACGC,5
CAACATTGTTTTAAAG,5
CAACCACAAGCATTTT,5
CAACCAGAACTCAATT,5
CAACCAGTATCTGAAT,5
CAACCATGGACGGTTT,5
CAACCTCAACTATCTT,5
CAACCTCTACTATCTT,5
CAACCTGAATTAGACT,5
CAACCTGAGCTTGACT,5
CAACGTTTATCCAAAG,5
CAACTACTAACATAGT,5
CAACTACTGACAATGA,5
CAACTATGACTGTGTT,5
CAACTCACACCAGCTT,5
CAACTCCAGACGATCT,5
CAACTGGTACTCAATC,5
CAACTGTGGACAACAC,5
CAACTTAGAGTAGAGT,5
CAACTTTATCATCTAC,5
CAACTTTGAGCTCACT,5
CAACTTTTAACGTACC,5
CAAGAAAAATCTTGAT,5
CAAGAAATTTTATCTC,5
CAAGAAGTTTTTGCAC,5
CAAGAGGAAGTTCAAG,5
CAAGATCAGGAAACTC,5
CAAGATCAGGAAATTC,5
CAAGATTTATCTGTAG,5
CAAGCAAAAACCTATC,5
CAAGCAGCACTGCCCC,5
CAAGCTTTACTAAGTC,5
CAAGGAAACCCTATCC,5
CAAGGAGTTCCCATTG,5
CAAGGCTATGTTAGAT,5
CAAGGGGTTCTAGTGC,5
CAAGGTAGTATCACTC,5
CAAGTAAAAGCAGATC,5
CAAGTAAAAGCAGATC,5
CAAGTGCTGTGTGTCC,5
CAAGTGCTGTGTGTTC,5
CAAGTGTTGTTATGAT,5
CAAGTTAAATCTGACC,5
CAAGTTGGAGTAAGGC,5
CAAGTTTGACTTGTTA,5
CAAGTTTGATGAGGAT,5
CAATAACCACGCATTT,5
CAATAACCATGCATTT,5
CAATAACCATGCGTTT,5
CAATAATAATGGTAGT,5
CAATAATAGTGGTAGT,5
CAATAATAGTGGTAGT,5
CAATAATGAGTTTATT,5
CAATAATGGTGGTTAC,5
CAATAATTGTTGGGTT,5
CAATAATTGTTGGGTT,5
CAATACTCACCCTGTG,5
CAATAGCAGGAAGGTT,5
CAATAGTGTTTGCCCC,5
CAATCATATGGTTTCC,5
CAATCATGATGTAGTT,5
CAATCGAAGTCTTAGT,5
CAATCGTAATTATGTT,5
CAATCTATTCCTATGC,5
CAATCTCTACTATCTT,5
CAATCTTGTACGGGTT,5
CAATGATGACCAAATT,5
CAATGATGACCATGGC,5
CAATGATGATCAAATT,5
CAATGATGATCATGGC,5
CAATGATTACGTTAGT,5
CAATGATTATGTTAGT,5
CAATGATTGCTTATGC,5
CAATGCCATGCAAGTT,5
CAATGCTGGGCCTTAC,5
CAATGCTGGGTCTTAC,5
CAATGCTGGGTCTTAC,5
CAATGGCACCCATATC,5
CAATGGCAGGAAGGTT,5
CAATGGCAGGAGGGTT,5
CAATGGGGATTTTTAT,5
CAATGGTAACTGGTAT,5
CAATGTAAACCGTTTT,5
CAATGTCTATTGTTAC,5
CAATGTTACTTGGTTC,5
CAATGTTGATTTGTGT,5
CAATGTTTATTGTTAC,5
CAATGTTTATTGTTAC,5
CAATGTTTATTGTTAT,5
CAATTACAAGCAATCT,5
CAATTACGTCTAGCTT,5
CAATTAGATTTGACAG,5
CAATTAGATTTGATAG,5
CAATTAGGTTTGACAG,5
CAATTATAATCTTACC,5
CAATTATAATTTTACC,5
CAATTATGACTGTGTT,5
CAATTATTGATTGTTT,5
CAATTCTTGGCGTTAT,5
CAATTGCTATTAAAGT,5
CAATTTACACCAACGT,5
CAATTTACGCCAGGAT,5
CAATTTCAATCAAAAT,5
CAATTTCTACTATCTT,5
CAATTTTAACCAAGAC,5
CAATTTTGAGTTGTGG,5
CACAAAAAGCTTATGC,5
CACAAACAGCAGAAAC,5
CACAAACAGCAGAAAC,5
CACAAACTACTGAAAC,5
CACAAACTGCAGAGGC,5
CACAAACTGCTCAAGG,5
CACAAACTGTAGATTC,5
CACAAACTGTTGATTC,5
CACAAACTTCTGACAC,5
CACAAAGGACGGGTGT,5
CACAAATCAGGTTTTC,5
CACAAATGTGGCAATT,5
CACAACCATCTCATGT,5
CACAACTATTCAAACT,5
CACAACTTTGCAGGGC,5
CACAAGCTATTTGTGC,5
CACAAGGTAATGTGGT,5
CACAAGGTAATGTGGT,5
CACAAGTGTGGCAATT,5
CACAATCATCTCACGC,5
CACAATCATCTCATGC,5
CACAATCATCTCATGT,5
CACAATCATCTCATGT,5
CACAATCGAGCTAGAC,5
CACAATCGAGTTAGAC,5
CACAATCGAGTTAGAC,5
CACAATCGAGTTGGAC,5
CACAATTAAACAACCT,5
CACAATTTGCTGAGCT,5
CACAATTTTGCAGGGC,5
CACACATAACTATGAC,5
CACACATTAGTCTTAC,5
CACACCGTGGCAGATC,5
CACAGACAACTCTGCT,5
CACAGACAGCAGAAAC,5
CACAGACATCAGATAC,5
CACAGACTAACATGCA,5
CACAGACTAACATGTA,5
CACAGACTGCAGAAAC,5
CACAGAGCAACCAATT,5
CACAGAGGAACTTCTT,5
CACAGATAACTCTGCT,5
CACAGCTATTCAAACT,5
CACAGCTTGCTGAATT,5
CACAGCTTGCTGAGTT,5
CACAGGACATCTTACT,5
CACAGGTGTTTGTTAT,5
CACAGTGGATTAAGAA,5
CACAGTTTGCTGAGTT,5
CACATAAAGACAAATC,5
CACATACGATGATGTT,5
CACATATAAGCGTGGT,5
CACATATGATGATGTT,5
CACATTGATTCTTCGG,5
CACATTGTACCTCTGT,5
CACCACAAACCTCTAT,5
CACCACAATACCTTTT,5
CACCACATATTCAGAT,5
CACCACTATTTGGGTT,5
CACCAGGAGTCCCAGC,5
CACCAGGAGTCCCAGC,5
CACCATCTACTCTATC,5
CACCATGTAACCAACC,5
CACCATTTACAAGTTG,5
CACCCACAGCCGGTGC,5
CACCCACAGCTGGTGC,5
CACCCAGAGCTTAAGC,5
CACCCTAATTCTGAAT,5
CACCCTAATTCTGAAT,5
CACCCTGAACTTAAGA,5
CACCGGAAGCCAATAT,5
CACCGTAGTGCTTTTG,5
CACCGTTGAGTCAGGT,5
CACCGTTGAGTCAGGT,5
CACCGTTTATCCAATT,5
CACCTACATTCTGCGC,5
CACCTAGTACCACAAT,5
CACCTAGTACTCTCAC,5
CACCTAGTACTCTCAC,5
CACCTAGTACTCTCGC,5
CACCTAGTACTTTCAC,5
CACCTATAGCGAAGCC,5
CACCTATTATTTGGAT,5
CACCTGAGCCCATTAC,5
CACCTGGTGGTAACCC,5
CACCTTCAAAGGGACC,5
CACCTTTAAACAAGCA,5
CACGAACTGCAGAGGC,5
CACGACTTAACTATGT,5
CACGAGTAACTCGTCT,5
CACGCGCGGGCAAGTC,5
CACGGTGGAACAATGC,5
CACGTACAATTAACTC,5
CACGTACAATTAATTC,5
CACGTACAATTAATTT,5
CACGTAGGAATGTGGC,5
CACGTATAAGCGTGGT,5
CACGTCCAACTCAGTT,5
CACGTGTAGTTTATAC,5
CACGTGTTGTTTATAC,5
CACGTTTGATTGTTAT,5
CACGTTTTACTATCTT,5
CACTAAAAAGTGGAAA,5
CACTAAATGCTTTTGT,5
CACTAAATGCTTTTGT,5
CACTAACAAACAATGT,5
CACTAAGAAACTGCGC,5
CACTAAGAAATACACT,5
CACTAAGGGTCTTTCC,5
CACTAATGGTGGTTAC,5
CACTAATTTGCCTGCT,5
CACTACCACCCTACGC,5
CACTACCGCCCTACGC,5
CACTACCGCTCTACGC,5
CACTACTGCCCTACGC,5
CACTACTTGCTTCTTC,5
CACTAGAATTCAACCC,5
CACTAGAATTTAACCC,5
CACTAGACACCTCCCA,5
CACTAGAGTGCTATCT,5
CACTAGCCATCCTTAC,5
CACTAGTTATTATTGC,5
CACTATGGTTTAAACC,5
CACTATTAAGTTTAGT,5
CACTATTTGCCACAAC,5
CACTATTTGCTACAAC,5
CACTATTTGCTTCTTC,5
CACTATTTGTCTATGT,5
CACTCACAACTGGTTT,5
CACTGAAGATGGTATT,5
CACTGAGGACCCACGT,5
CACTGATAACACTCGC,5
CACTGATAATTTAGTC,5
CACTGATATTGATGTT,5
CACTGATGACCCACGT,5
CACTGCTAATTTATCC,5
CACTGCTAATTTATCT,5
CACTGGAGATTGTTAT,5
CACTGTAGTACAGCGC,5
CACTGTCATACCTGAC,5
CACTGTGTGGTTTTCC,5
CACTGTTTGACATGCG,5
CACTTACAACTGGTTT,5
CACTTACTAACAATGT,5
CACTTAGGATTACTAG,5
CACTTAGTACTATCAC,5
CACTTAGTACTATTAC,5
CACTTATAATTGCACA,5
CACTTATGAATGTCTT,5
CACTTCCTACTAATAT,5
CACTTCGGATCTGAGT,5
CACTTCGGATCTGGGT,5
CACTTCTTTATGTGCC,5
CACTTGCGAATTTTGT,5
CACTTGGTGTCCTTGT,5
CACTTGTGAACATTGT,5
CACTTTCTGCTGATGG,5
CACTTTGGTTTCAGGT,5
CACTTTTAATCAACTT,5
CACTTTTGAACTTCGT,5
CACTTTTGAACTTCGT,5
CACTTTTTGGCGGTAT,5
CACTTTTTGGCGGTAT,5
CACTTTTTGGCGTTAT,5
CAGAAAATTTTGAATA,5
CAGAAAATTTTGAATA,5
CAGAAACAAACAACTT,5
CAGAAACAGTGGTTTT,5
CAGAAACGCTCAAAGC,5
CAGAAACGCTCAAAGC,5
CAGAAACTGCCCTGTC,5
CAGAAATAGTTAATAC,5
CAGAAATTGCCCTGTC,5
CAGAAATTGCCTTGTC,5
CAGAAGTAAATGAGTT,5
CAGAAGTCCCTGTTGC,5
CAGAAGTTGACTGGGT,5
CAGAATCTTTCTCCGC,5
CAGAATCTTTCTTCGC,5
CAGAATCTTTCTTCGC,5
CAGAATGGATTGAACT,5
CAGAATTTTTCTTCGC,5
CAGACACATACTATGA,5
CAGACAGAGTCGTGTT,5
CAGACTGGATTGAACT,5
CAGAGAAGGCTATTTG,5
CAGAGACAAAAGAAGC,5
CAGAGACCAATAATCT,5
CAGAGCGTATTAATGT,5
CAGAGCGTGTTAATGT,5
CAGATGCAGGGCTGTC,5
CAGATGCATTCTGCAT,5
CAGATGCCATTATTGC,5
CAGATGCTACTGATTT,5
CAGATGCTTTTCAACC,5
CAGATTAATACTACAT,5
CAGATTATACTAACAT,5
CAGATTCTATTAAGTC,5
CAGATTCTATTCACTT,5
CAGATTCTGTTAAGTC,5
CAGCAAAAACTGGTGT,5
CAGCAAACTTCCAATC,5
CAGCAAAGGTTAGTCC,5
CAGCAAATACGGTCTC,5
CAGCAAGGTCCAGCAT,5
CAGCAAGTAACTAAGC,5
CAGCAAGTAACTAAGC,5
CAGCACGTAACATATG,5
CAGCACGTAATATATG,5
CAGCAGCCAGCCATGC,5
CAGCAGCCGCCATACC,5
CAGCAGCTGCCATACC,5
CAGCAGCTGGCATACC,5
CAGCAGTTAACAATCG,5
CAGCAGTTAACAATCG,5
CAGCCATAATCACTGC,5
CAGCCTACGCCAATTC,5
CAGCGAAGGTTAGTCC,5
CAGCGGCCAGCCATGC,5
CAGCGTATATCATATA,5
CAGCTACAGGTGATGT,5
CAGCTAGTCCCAGTTT,5
CAGCTAGTCCCAGTTT,5
CAGCTATAATGCAGGT,5
CAGCTGATGCAATTAT,5
CAGCTGTAGTGTTACT,5
CAGCTTATGCTAATTC,5
CAGGAAACACTTGTTT,5
CAGGAAATACTTGTTT,5
CAGGAACAAATACTTC,5
CAGGAAGAGTTTCTGC,5
CAGGAGATGCCACAAC,5
CAGGAGGAATCTTCTG,5
CAGGAGGAATCTTTTG,5
CAGGAGGAGTCTTCTG,5
CAGGCTCTATCTAAAT,5
CAGGCTTGGCGTTTTC,5
CAGGGCTATGTTAGAT,5
CAGGGGGCAACGTGTT,5
CAGGTAAAGTTAAACC,5
CAGGTACTAATCATTT,5
CAGGTACTAATTACTT,5
CAGGTACTAATTATCT,5
CAGGTACTAATTATTT,5
CAGGTGATGGCACAAC,5
CAGGTTTTGGTTTTGC,5
CAGTAACAACCGTTGT,5
CAGTACATACATTGTC,5
CAGTACGTAATATATG,5
CAGTAGCGATTGTAAT,5
CAGTATGAACTTAAGC,5
CAGTATGAAGTAGATA,5
CAGTGAAGAATGGTTC,5
CAGTGGACATATGCTC,5
CAGTGGTTTGTTATAT,5
CAGTGTCGAACAGCTT,5
CAGTGTCTGGCCTCTC,5
CAGTGTCTGGCCTCTC,5
CAGTGTCTGGCCTCTC,5
CAGTGTCTGGCCTTTC,5
CAGTGTGTGTTAGAAC,5
CAGTGTTTGGCCTCTC,5
CAGTGTTTGGCCTCTC,5
CAGTTAAAACTGTACC,5
CAGTTAAATCTTAAAT,5
CAGTTAGGACTGCTCC,5
CAGTTGCAAATTGGCT,5
CAGTTGCAACTTACAA,5
CAGTTGCAACTTACAA,5
CAGTTGTATTATAATT,5
CAGTTGTCTTCCTATT,5
CAGTTGTTACCAAGAT,5
CAGTTGTTACCGAGAT,5
CAGTTGTTGTTGGTTC,5
CAGTTTACACCTGGAC,5
CAGTTTATATCTGGAC,5
CAGTTTTTAGTTATTT,5
CATAAACAAGGGCGGT,5
CATAAACCACCTTCTG,5
CATAAATTATTTGGGT,5
CATAAATTATTTGTGT,5
CATAACTTACTACAGT,5
CATAAGCACGCATTCT,5
CATAAGGGGGCTGCAT,5
CATAAGGGGGCTGCGT,5
CATAATAAAGCTTGTT,5
CATAATGAAACTTGTC,5
CATAATTGATGAAGTC,5
CATACTCTAGTCCTTT,5
CATACTCTAGTTCTTT,5
CATAGATTACTGTGTC,5
CATAGATTACTGTGTC,5
CATATACAGACTGTTC,5
CATATACTTCTTTTGC,5
CATATATGATGATGTT,5
CATATGATGTGAATGC,5
CATATGCAGCTTTTGC,5
CATATGGTGGCGCGTC,5
CATATGTTGCTAACCC,5
CATATGTTGCTAATCC,5
CATATGTTGTTTAATT,5
CATATTATTCTTATAT,5
CATATTGAGTTGCCAC,5
CATATTGATTCTTCGG,5
CATCAAAGGCTTAAAC,5
CATCAACCACTGTTCT,5
CATCAAGGTCCAGCAT,5
CATCAATATTGTTGGT,5
CATCAATCACTTCTGC,5
CATCAATGGTCACACT,5
CATCAATGGTCATACT,5
CATCAATGGTCGTACT,5
CATCACAGGCCAAGGT,5
CATCACTCAGCGCACT,5
CATCACTGTTAAACCC,5
CATCAGAAGCCTTTGT,5
CATCAGATACTTATGC,5
CATCATACAACGTCTT,5
CATCATACGCTTATGC,5
CATCATAGGTTTAAGT,5
CATCATATGCTTATGC,5
CATCATTGAATTCTCT,5
CATCCAAATCCTAAAG,5
CATCCAGGGTTTTGTT,5
CATCGATAAATGATCT,5
CATCGATAAGTGTGTT,5
CATCGGCAAATAGTCG,5
CATCGGCAATTAGTCG,5
CATCGTACGCTTATGC,5
CATCTACTGATTGGAC,5
CATCTCTATCCAGGTT,5
CATCTGCAATCAACAG,5
CATCTGGTGGTAACCC,5
CATCTGGTGGTAACCC,5
CATCTGGTGGTTACCC,5
CATCTTCAGCCAATTC,5
CATGATCTTTCTCTGC,5
CATGATGAGTTAACAG,5
CATGATGGATTTGTGC,5
CATGATGGTCCTAACG,5
CATGATTAAGCCAAAT,5
CATGCATGTTGGTTAT,5
CATGCGTTGTTTGTTC,5
CATGCTCTATCCAAAT,5
CATGCTGAATTCCTAC,5
CATGCTGTACCGACTC,5
CATGCTTAATTCCTAC,5
CATGGACCACTATTTT,5
CATGGATTATCTTGAT,5
CATGGGTGGTTGGTTT,5
CATGGTTTAGTTTTGC,5
CATGTAATAGTAATGC,5
CATGTATAACCTACTT,5
CATGTATTGTCAGCGT,5
CATGTCATATCAACAT,5
CATGTCTAAACATACT,5
CATGTCTGCTTTAAAC,5
CATGTGCAATAGACGC,5
CATGTGCAGTCAAATC,5
CATGTGGCACCAATGT,5
CATGTGTTGTCAGTGT,5
CATGTGTTGTTTGTTC,5
CATGTTATAGCAACTC,5
CATGTTATAGCAACTT,5
CATGTTTCATCTTGTT,5
CATGTTTTAGTGTCGC,5
CATTAAAAATGTGTAC,5
CATTAAATCTTCAGTC,5
CATTAACGGCTACTGT,5
CATTAACGGTTTTAAT,5
CATTAACTGCTACTGT,5
CATTAAGAAACCTAAT,5
CATTAAGAAATACACT,5
CATTAATAATGCTGTT,5
CATTAATGGCAATCTT,5
CATTAATGGGCTTGGT,5
CATTAATGGGCTTGGT,5
CATTAATTTGCCTGCT,5
CATTACTGGTGTACCT,5
CATTACTGTTAAACCC,5
CATTAGAATTCAACCC,5
CATTAGACACCTCCCA,5
CATTAGCAATGACACC,5
CATTAGGTGCTCTTGC,5
CATTAGGTGCTTTTGC,5
CATTAGTGGACGGGGT,5
CATTATCAAACAAATT,5
CATTATTAAGTTAAGT,5
CATTATTAGTGAAGGT,5
CATTCAAAACTTACTT,5
CATTCACAGACTTCCC,5
CATTCACAGACTTCCT,5
CATTCACAGACTTCTC,5
CATTCGAGACTGGTTT,5
CATTCTGTACCAAAAT,5
CATTCTTATCCCATTT,5
CATTGACAAATTGAAT,5
CATTGACCGCTAGTTC,5
CATTGACTATCACCTT,5
CATTGACTGCTAGTTC,5
CATTGATAAATTGAAT,5
CATTGATAAGTGTGTT,5
CATTGATAATTGTGGT,5
CATTGATTGCGAACAA,5
CATTGCACCATAGCTC,5
CATTGCCTACTAATGT,5
CATTGCTAACTAAGGG,5
CATTGCTGACCTGGCT,5
CATTGCTGACTAAAGG,5
CATTGGAATTCTGATC,5
CATTGTCTATGTAGGA,5
CATTGTTAATACACGC,5
CATTTACAGCCCACTT,5
CATTTACAGCCCACTT,5
CATTTACAGTCCACTT,5
CATTTAGAGCTTAAAG,5
CATTTATTGATTATAC,5
CATTTCTAATAAAGCT,5
CATTTGAAATGTGGTT,5
CATTTGAAGCCTATGC,5
CATTTGAAGCCTATGC,5
CATTTGAGACTGGTTT,5
CATTTGATATTGATGG,5
CATTTGCAAATTGGCT,5
CATTTGCTACAAGTTC,5
CATTTGCTAGTGATAG,5
CATTTGGAATCTTGAT,5
CATTTGGGTACCACAT,5
CATTTGGTGCTGGCGC,5
CATTTGTTAGTATGCC,5
CCAATTCTGGCAATAG,5
CCAATTGGACCACTTC,5
CCACTATGAGCGAGAC,5
CCCACACAGTTGTTCC,5
CCCGAAGCAGCACTCC,5
CCTGGTCATGCAATGC,5
CCTTAAGAAATAGCGC,5
CGAAGCAAAACCTTCT,5
CGAAGGTGATCAAATT,5
CGACAACAATTTCTGT,5
CGACGCAAACCCGATC,5
CGACGCAAACCTGACC,5
CGACGCAAACCTGATC,5
CGACGTAAACCTAATC,5
CGACGTAAACCTGATC,5
CGACGTATACCTAATC,5
CGAGCGGTTCCCCCTC,5
CGAGCGGTTTCCCCTC,5
CGAGGGTGATCAAATT,5
CGAGTATGGCCAGTTT,5
CGAGTATGGCCAGTTT,5
CGATAACAACTTCTGT,5
CGATATGGAGGAATTT,5
CGATCTAAAGTCATTT,5
CGATGGCAACCAGCGC,5
CGATTACATACTTGCC,5
CGATTCAGATCTTAAT,5
CGCAAAAGATCATAAT,5
CGCAAAATGGCACAAC,5
CGCAAAGGATTTTAAC,5
CGCAAATCATGTTGCC,5
CGCAGGTAAATTCTGC,5
CGCCAACAATTATTCC,5
CGCCATTTATCCAATT,5
CGCCATTTATCCAATT,5
CGCCGTTTATCCAATT,5
CGCCTTTGGGCATAAC,5
CGCCTTTTATCCAATT,5
CGCGAAGAAGCTATTC,5
CGCGGTGGAACAATGC,5
CGCGGTGGAACAATGC,5
CGCGTTTTACTATCTT,5
CGCTAGCAACCAGGCT,5
CGCTAGTCACCAAGCT,5
CGCTATTAGTCGGAAT,5
CGCTGGCATTCCATCT,5
CGCTTACTACGAACGC,5
CGCTTACTACGAATGC,5
CGCTTATAGCCTGTTT,5
CGCTTATCGTTTAAGC,5
CGCTTATTGTTTAAGC,5
CGCTTTGTAACTTTTG,5
CGGAGATAAGTGTGAT,5
CGGCATGGAGTAAGGC,5
CGGCGCAAACCTGACC,5
CGGCTTGATTCAATTC,5
CGGGTACCCCTAAGCC,5
CGGGTACTCCTAAGCC,5
CGGTAAAAAGCTAATT,5
CGGTAATAAATTGGAT,5
CGGTGCGTGGCAATTC,5
CGGTGGCTACCTTGAC,5
CGGTGTTAGGCGCAAG,5
CGGTTACTGTGTGGAG,5
CGGTTACTTACAAATC,5
CGGTTATCATCCAGCT,5
CGGTTGCAAACTTATT,5
CGGTTGCTATTATGTT,5
CGGTTGTTACTTATGT,5
CGTAAATTCTCAAAAT,5
CGTAATCACTCAACCT,5
CGTAATGAATCTTGGC,5
CGTACAGAAGCCTGTC,5
CGTAGATTTTCTCTTC,5
CGTAGGTGAATGTGTT,5
CGTAGTCTATGGAGAC,5
CGTAGTGTAGCTAGTC,5
CGTATGTGTGCTATAG,5
CGTCAACAACCTAGAC,5
CGTCAAGATACTTGTC,5
CGTCGCAAACCTGATC,5
CGTCGGATTCCTAATT,5
CGTCGTATTCCTGATT,5
CGTCTGCACCTCAGAC,5
CGTCTGTTAACACATC,5
CGTCTTTATTTAAACC,5
CGTGAAGTGTTCGCTC,5
CGTGAGTTTGTTATTT,5
CGTGATAAAGCTGTAG,5
CGTGATGCAGCCATGC,5
CGTGATGCTGCCATGC,5
CGTGCCAGATCAGTTT,5
CGTGGTAAATTTGTAC,5
CGTGTTTTGGTAAAAT,5
CGTTAACAATCTGGAT,5
CGTTAAGAGTTTGTCC,5
CGTTCTCAATCACGTG,5
CGTTCTGATTCTAACC,5
CGTTTACCGTCTAGTA,5
CGTTTGGAGACCTAGC,5
CGTTTTGAATATAATC,5
CGTTTTGAATATACAT,5
CGTTTTGAATATATAT,5
CTAAAATAGCCGGTGT,5
CTAAAATTGTTGATTT,5
CTAAACTAACTATTGT,5
CTAAAGCATACAATGT,5
CTAAAGTTATTAGTGC,5
CTAATAAAACTTACAC,5
CTAATAGCAGCGGACT,5
CTAATCTAAGTGCACC,5
CTAATGCAATCATCTC,5
CTAATGCAATCATCTC,5
CTAATTTAAGTGCTCC,5
CTACAACCATCAAGCC,5
CTACAGAAACCATTAC,5
CTACAGCTTCCGTCTC,5
CTAGAAGAAGGCGATC,5
CTAGAAGAAGGTGATC,5
CTAGACAGATTGAACC,5
CTAGATTAGTTGAATC,5
CTAGCGTACTTCAAGC,5
CTAGCTCTATTCAGGC,5
CTAGTTTAAGTGCACC,5
CTATAAAGATTGGTCC,5
CTATAATAAGCGTGCC,5
CTATGACAAATGGTTT,5
CTATGGCAAACGGTTT,5
CTATGGCGATGTTGAC,5
CTATGTGTACATTGGC,5
CTATGTTTATCTACCC,5
CTATGTTTATCTACCC,5
CTATTAATACTGATAC,5
CTATTAGAACCTTGGC,5
CTATTAGAACTTTGGC,5
CTATTGTTGGTGGTGT,5
CTCAAACCACTGAAAC,5
CTCAAATGGGCCGATC,5
CTCAAGTGGGCCGATC,5
CTCAAGTGGGCCGATC,5
CTCAAGTGGTCCGATC,5
CTCAATACTCCCGTTC,5
CTCAATGTGGTCATTC,5
CTCAATTAAACAACCT,5
CTCACACGACAGCTGC,5
CTCACAGTACTCGTTC,5
CTCACAGTATTCGTTC,5
CTCAGACAGTGGATTC,5
CTCATTAAATCTAAAC,5
CTCATTTAGCCAAGGC,5
CTCCATGGTGCCAATT,5
CTCCGGCACTCAAGTT,5
CTCCGGCACTCAAGTT,5
CTCCTTCAACTTTTGG,5
CTCTAAGAGCCAACTC,5
CTCTCTCAACTAATGC,5
CTCTGACAGTCCATGT,5
CTCTGGCAACCTCCAC,5
CTCTTAATGCCAACTC,5
CTCTTAATGCCAATTC,5
CTCTTAATGCCAATTC,5
CTCTTAATGCCAATTC,5
CTCTTACTGCTAGTTC,5
CTCTTATGGTTATGGC,5
CTCTTGTTAGTGTTCT,5
CTGAAATAGTTAACAC,5
CTGAAGGTGCTCATGC,5
CTGAAGGTGCTCATGC,5
CTGACACTACTGATGC,5
CTGAGTTATGCTGTTC,5
CTGATAAATACTATTT,5
CTGATATTTCTGACAC,5
CTGATATTTCTGATAC,5
CTGCAACTGTTGAACC,5
CTGCAGAAATCAGAGC,5
CTGCATTGGTCTGATC,5
CTGCCCCAATCTAAAG,5
CTGCCCCAGCTTGAAC,5
CTGCGTAAGCCTATGT,5
CTGCTATGACCATGTC,5
CTGGAGTATGCCATAC,5
CTGGCAAGTCCAAACC,5
CTGGTGCTATTAATGC,5
CTGGTGGGATTGTGCC,5
CTGGTGTTATCAGATC,5
CTGTAACTACTAAGTT,5
CTGTGGCTACCTTGAC,5
CTGTGGGTACTAACCT,5
CTGTTGCAAATGGTTC,5
CTGTTGCAGGCGTGTC,5
CTGTTGGTACCAATTT,5
CTTAAGTGGGCCGATC,5
CTTACACGACAGCTGC,5
CTTAGGCAAGCAACAC,5
CTTAGGCAAGCAGCAC,5
CTTAGGCAAGTAGCAC,5
CTTAGGCAAGTAGCAT,5
CTTATACGACAGCTGC,5
CTTCAAGATGCTTTGC,5
CTTCGAACATCAGCGT,5
CTTCGAACATCGGCGT,5
CTTCGGGAACGTGGTT,5
CTTGACAGATTGAACC,5
CTTGCGTGGTCTGCTC,5
CTTGCGTGGTCTGTTC,5
CTTGCGTGGTTTGCTC,5
CTTGGTACACTGGGCT,5
CTTGGTTCACCGCTCT,5
CTTGTGCTGCCGGTAC,5
CTTGTGTGTTTGATTC,5
CTTGTTTCAACATGCC,5
CTTTAACAAACTTTCT,5
CTTTACCAACCACCAC,5
CTTTACTTACCTGTGT,5
CTTTGAACATCAGCGT,5
CTTTGAATGCTATTCC,5
CTTTGAGGACTGGCAT,5
CTTTGGTGGCGTAGCT,5
CTTTGTCATACAATTC,5
CTTTGTTAAGCGTGTT,5
CTTTTACTACTAGCAC,5
GAAAAAATGGTTTCAC,5
GAAAAACTTTCACCAT,5
GAAAAATGGCGCGCTT,5
GAAAAATTAGTTAATT,5
GAAAAATTAGTTAGTT,5
GAAAACTTATTTAGAT,5
GAAAACTTGGTACTTC,5
GAAAAGCTGTCTTTAT,5
GAAAATAAAACAACAT,5
GAAAATAAATCTGCGG,5
GAAAATAAGACAACAC,5
GAAAATTATATTAAAT,5
GAAAATTTAACATGGC,5
GAAAATTTACCATGGC,5
GAAACCTAAACCAGTC,5
GAAACTGTTGTGGGTC,5
GAAACTTAAACCAGTC,5
GAAAGCTTGGTAGTTC,5
GAAAGGTTAACACACC,5
GAAATAGAAGCTGGTG,5
GAAATGAAAGCATTAT,5
GAAATGAAGGCATTAC,5
GAAATGAAGGCATTAT,5
GAAATGTACCTAAAAT,5
GAAATGTATGTAAAAT,5
GAACAAGTCTCAGACT,5
GAACAAGTTTCAGACT,5
GAACAATATTCAACTT,5
GAACAGAAACTATGTC,5
GAACAGCGTACTGGTC,5
GAACAGTAGTTTTATT,5
GAACATAAAGAAAATT,5
GAACCGGACCCGAAGC,5
GAACCTATAATTTCAC,5
GAACCTCAGACTATCA,5
GAACCTCAGACTATCC,5
GAACCTCAGACTATTC,5
GAACCTCGGACTATCC,5
GAACGCTAATCAATAC,5
GAACTATGGCTTTCTC,5
GAACTGGACCCGAAGC,5
GAACTGTCAGCTATCC,5
GAACTGTTGCTAAAGC,5
GAACTGTTGGTGGTGT,5
GAACTGTTGGTGGTGT,5
GAACTTAAAGCTGCTG,5
GAACTTTTGCTAAAGC,5
GAAGAACCAGTTAATC,5
GAAGACCAACCTAATC,5
GAAGACTATGCCTTTG,5
GAAGAGAAACTTTCTC,5
GAAGAGCCAGCATGTT,5
GAAGAGCTACCAGACG,5
GAAGAGCTACCCGACG,5
GAAGAGGAGCCATTCT,5
GAAGAGGCGTCTAAGC,5
GAAGATAAGTTTGACT,5
GAAGATAAGTTTGATT,5
GAAGATCAACAAATAC,5
GAAGATCTTTCTATAG,5
GAAGATGAATTGGCAC,5
GAAGATGAGTTTACAC,5
GAAGATGGATGAGCCC,5
GAAGATTTTTCCATAC,5
GAAGCGCTACTTGTAT,5
GAAGCTGCAGCATGTC,5
GAAGGACAGGTAGACC,5
GAAGGATGAGGAAGGC,5
GAAGGTAGTCGTGTGC,5
GAAGTAGAAGCTGGTG,5
GAAGTGCAAATCCAAG,5
GAAGTGCAAATCCCAG,5
GAAGTGTTGATGTTGC,5
GAAGTTGATCCCGACC,5
GAAGTTTGATTATAAT,5
GAATAAAGGCTTGTTT,5
GAATAAAGGCTTGTTT,5
GAATAAGCATGCATTC,5
GAATAAGTATCTTTAT,5
GAATAATAATGAGGCT,5
GAATAATAGTTATATC,5
GAATACAAATCCAATT,5
GAATATCAAATGCAAC,5
GAATATTAAATGCAAC,5
GAATATTAAATGCAAT,5
GAATATTATGTAAAAT,5
GAATATTGATTATTTT,5
GAATATTGGGTCACAC,5
GAATATTGGGTTACAC,5
GAATATTGGGTTACAC,5
GAATCGGGAGCTGTTT,5
GAATCTAAACCTCAGC,5
GAATGAATCCTAATTC,5
GAATGCTAATGGATTG,5
GAATGCTAATGGATTG,5
GAATGCTGACCTTTAC,5
GAATGCTGATCTTTAT,5
GAATGGTGGTCAATTT,5
GAATGTATTCTGGGTC,5
GAATGTTGTACCCTAC,5
GAATTAACATTGAAGC,5
GAATTAACGTCTGCAT,5
GAATTAATAGTGGCAC,5
GAATTACGTACACATC,5
GAATTACGTACACATC,5
GAATTATGGCCTCACT,5
GAATTCAATATTAGAC,5
GAATTCAATATTAGAT,5
GAATTCAATATTAGAT,5
GAATTGATAGTAAGTT,5
GAATTGCTATCGCAAT,5
GAATTGTATCTTAATT,5
GAATTTAGTCCTTAAT,5
GAATTTCGTGCTGGCC,5
GAATTTCGTTCAGGCC,5
GAATTTCGTTCTGGCC,5
GACAAAATACGCCAGC,5
GACAAAGGAATTTACC,5
GACAAATTTCCCACTC,5
GACAAGAAAGCGTTTA,5
GACAAGAGTGCTGGCC,5
GACAATTCACCAAATT,5
GACACCATACTGCCAT,5
GACAGACAAACTGCAC,5
GACAGACTTCCTAATG,5
GACAGATGTCCTGTGC,5
GACAGGCAATTACTGT,5
GACATACCACCCAAAT,5
GACATGCTACAGGCAC,5
GACATGCTACAGGCTC,5
GACATGCTACAGTCAC,5
GACATGTTGTTCGTGC,5
GACCAAATGTCTGAAC,5
GACCAATGAAATTGTT,5
GACCACCATCTTAATA,5
GACCACTTGGCTGCCT,5
GACCAGTGACTGATGT,5
GACCAGTTGCTGTAGT,5
GACCCGTGTCCTATTC,5
GACCGTACAACTATTC,5
GACCTTAAATTCAGAC,5
GACCTTAATCCTGCTC,5
GACCTTCTTGTTAATG,5
GACCTTGTACCAACTC,5
GACCTTTTGTTAGTTT,5
GACGCATGGTTTAGCC,5
GACGCTCAGGTTGTTC,5
GACGTACCCCCCATTG,5
GACGTATCACGCAAAT,5
GACTAATCGCCAGTAC,5
GACTAATCGTCAGTAC,5
GACTAATTGCCTTTTG,5
GACTACTTGGCTGCCT,5
GACTAGAGTTTTAGTC,5
GACTCACAATTGGAAT,5
GACTCTTAACGAAGGT,5
GACTGAAGGTCAACTT,5
GACTGCAGAGGACATC,5
GACTGGAAACCTGGTT,5
GACTGGAAGTCTGGTT,5
GACTGTCGATGTTGCT,5
GACTGTGCACTTGACC,5
GACTGTTTTCTGCACC,5
GACTTACAGTGTTGCC,5
GACTTAGTAATGAGCT,5
GACTTATAAGCTTGTT,5
GACTTATAAGCTTGTT,5
GACTTCGTAATCACTC,5
GACTTGCATTCATAAC,5
GACTTTGTGTCTACTC,5
GACTTTGTGTCTACTT,5
GACTTTTAACTGCTTG,5
GAGAAAGGTGTGACAT,5
GAGAAAGGTGTGACGT,5
GAGAATAAAACCACTT,5
GAGACTTTTCTCATAC,5
GAGAGGTTGTTGTTAC,5
GAGAGTCAAATTAACG,5
GAGAGTGATGCCAAAG,5
GAGATGTTTTTGATTT,5
GAGATGTTTTTGTTTT,5
GAGATTACAGCTTGTC,5
GAGCAATATATTAAAT,5
GAGCAGCTGCCAATGC,5
GAGCAGCTGCCAATTC,5
GAGCAGCTGCCTATTC,5
GAGCATGAAATTGCCT,5
GAGCATGAAATTGCTT,5
GAGCCATAATGGCAAC,5
GAGCCATGAGCAAGCT,5
GAGCGAGGATCGTGTT,5
GAGCGCGAATTGATCC,5
GAGCGCGAATTGATTC,5
GAGCGCTTTGTAAGTC,5
GAGCTTAAATCTAAAC,5
GAGCTTCCAACAGGAG,5
GAGCTTCTGCTGATTC,5
GAGCTTTGCCTAACAT,5
GAGCTTTTACCTAATG,5
GAGGAAAATGTTATTC,5
GAGGACTATGCCTTTG,5
GAGGAGACATTTAAAC,5
GAGGAGCTACTGTAGT,5
GAGGATGAATTGACAC,5
GAGGATGAATTGACGC,5
GAGGCAATAGTCAATC,5
GAGGCTGGTTCTAAAT,5
GAGGTGAAGATATGTC,5
GAGGTGACTTTAATTT,5
GAGGTTAAAACTCTTT,5
GAGGTTGATCCCGACC,5
GAGTAAAGAGTTACTT,5
GAGTAAGGATGGTTTC,5
GAGTAATAACTGGTTT,5
GAGTCACATATAAGAT,5
GAGTCATAAACCACCT,5
GAGTCCGAGGCTGACT,5
GAGTCGCAGTCGTGGT,5
GAGTCGTGAACGTGTT,5
GAGTCTACACCAGTTG,5
GAGTGGTTCACCAGGT,5
GAGTGGTTCTCCAGGT,5
GAGTGTTTCACCAGGT,5
GAGTTACATACAAGAT,5
GAGTTACATATAAGAT,5
GAGTTAGTGCTAAACC,5
GAGTTATAGCGGTTAC,5
GAGTTATAGCGGTTAT,5
GAGTTATAGTGGTTAC,5
GAGTTATTGTCAACTT,5
GAGTTGAAGTTTAATC,5
GAGTTGTTGGTGTTAC,5
GAGTTGTTGTCAACTT,5
GAGTTGTTGTCAACTT,5
GAGTTTTCACTTTACC,5
GAGTTTTGCCTAACAT,5
GATAAACAAGTGCACC,5
GATAAAGAAGTAGCTC,5
GATAACCAGTCGAAGC,5
GATAACCAGTCGAAGT,5
GATAAGAGGTCCACCG,5
GATAAGAGGTCCACCT,5
GATAATAAATTACAAG,5
GATAATCAAACTCTTT,5
GATAATGAGACTTTAC,5
GATAATGATCTAAACC,5
GATAATGATTTAAACC,5
GATAATGATTTAAATC,5
GATAATGATTTAAATG,5
GATACTGGTTTAGTCT,5
GATAGATGGTTTTGCT,5
GATAGCAAGATTGTTC,5
GATAGTAAACCCCCTC,5
GATATTACAGCTTGTC,5
GATATTCACCCTAGTT,5
GATATTGAACTTGCAT,5
GATCAATTTTCTCCCG,5
GATCAATTTTCTCTCG,5
GATCATCACCTCAACT,5
GATCATCACCTCAACT,5
GATCATCACCTCAACT,5
GATCATGTTTCAACCT,5
GATCTCTTGTTAGATC,5
GATCTGAAACCTTTAC,5
GATCTGCAATTGAATA,5
GATCTTAAATTTAATA,5
GATCTTCAATTGAATA,5
GATCTTCAATTTAATA,5
GATCTTCTTTGTGTAC,5
GATCTTGTACCAAACC,5
GATGACAAAGTTTATT,5
GATGATTGAACGCTGC,5
GATGATTTTTCTATTA,5
GATGCGCAAACAGGTT,5
GATGCTCAAGTTGTTC,5
GATGCTTACCCTTTAG,5
GATGGAAAAGCACACT,5
GATGGAACAACGAGCG,5
GATGGCCGATGTTGAC,5
GATGGGTTGTGCAAAC,5
GATGGGTTGTGCAAAT,5
GATGGGTTTTTTACTT,5
GATGGTAAACCTATGT,5
GATGGTAAACCTGTAT,5
GATGGTAAACCTGTGT,5
GATGGTAGACCTGTTC,5
GATGGTATATGTAAAT,5
GATGGTCAAGTAGACT,5
GATGGTCATGTGTGGC,5
GATGGTGGCACTAATC,5
GATGGTTATTCTAAAT,5
GATGTACAACTAAGGG,5
GATGTACAATTAAGGG,5
GATGTAGAAACTCCAC,5
GATGTAGGGCCAGATT,5
GATGTAGTTCGTGATC,5
GATGTCCGATGTTGAC,5
GATGTGAAACTCACTT,5
GATGTGAAACTTACTT,5
GATGTTAAATTTAAAC,5
GATGTTCAATTAAGGG,5
GATGTTGGTTTTTGTC,5
GATGTTTCATCTTGTT,5
GATTAAATATCTCCGT,5
GATTAACTGCTAATGT,5
GATTAATCTTTGCGAT,5
GATTAATCTTTGTGAT,5
GATTAATGAATGTGTC,5
GATTAATGAATGTGTC,5
GATTAATGATATGGTT,5
GATTACTTTTCATACC,5
GATTATCACCTCAACT,5
GATTATCATCCTGATT,5
GATTATGAAGCTGAAA,5
GATTATGAAGCTGAGC,5
GATTATGTACCTTTGA,5
GATTATTTGTCCAATT,5
GATTATTTTTCATACC,5
GATTCAAAACTTACTT,5
GATTCAGATTCCTACT,5
GATTCCGAGGCTGACT,5
GATTCGCCTTCTACCC,5
GATTCTAAACCTCAGC,5
GATTCTAAACCTCAGC,5
GATTCTCAAATTTCTC,5
GATTGAAAACTTGTGT,5
GATTGAAAATTCTCTT,5
GATTGATGTGTAACTT,5
GATTGCCAACCAATTT,5
GATTGGAAACCTGGCT,5
GATTGGAAATCAACCC,5
GATTGTATGACTTTAC,5
GATTGTGGCACTAATC,5
GATTGTTTTATTCGCC,5
GATTTACAAACAATTT,5
GATTTACATTCTAGCC,5
GATTTACCACCAAGTC,5
GATTTCTGTGTTAGTC,5
GATTTGCCTTCTACCC,5
GATTTGTAAGTTTAGA,5
GATTTGTAAGTTTGGT,5
GATTTGTCACCAAAGT,5
GATTTGTCACCCAAGT,5
GATTTTAAATCTCTTC,5
GATTTTGAATCTGAGT,5
GATTTTGTATTGTGTC,5
GATTTTGTGCTACATT,5
GATTTTGTGCTACATT,5
GATTTTGTTGTTAGCT,5
GATTTTTCACCCATTG,5
GATTTTTCACCCATTG,5
GATTTTTCACCTATTG,5
GATTTTTCACCTCTTC,5
GCAACGATACCGATAC,5
GCACAAAAATTTTTCC,5
GCACAAAAATTTTTCC,5
GCCTTTATGCCTGTGC,5
GCGCAATGTTCGACAC,5
GCGCAGTATTCGACAC,5
GCGCAGTGTACGACAC,5
GCGCAGTGTTCGACAC,5
GCGCATTGTTCGACAC,5
GCGGTATAATCTTGCT,5
GCTCAATTACCTGCAC,5
GCTCAGTTACCTGCAC,5
GCTCTTGGAACAAGGT,5
GCTCTTGGAACAAGGT,5
GCTGAACAAGCACATT,5
GCTGAAGAACCGGACT,5
GCTGAATAAGCATATT,5
GCTGTATTATCAAAAC,5
GCTGTATTATCAGAAC,5
GCTTGTTAAACAACTT,5
GCTTTTATGCCTGTGC,5
GCTTTTATGCCTGTGC,5
GCTTTTCAATCAGTTT,5
GGAAAACGAACTATGT,5
GGAAACAGACGGAATT,5
GGAAGATTGTTTATGC,5
GGAAGTGTGGTTATGC,5
GGAAGTTGAACATTCG,5
GGAATTTATTCAAACT,5
GGACAAAGAACAATAC,5
GGACAAAGATCTTTCT,5
GGACAACAGCTTTATC,5
GGACCCCAATCAAACC,5
GGACGATGGTGTTGAC,5
GGAGATCAATTTAAAC,5
GGAGTTTATTCAAACA,5
GGAGTTTGTCTCATAT,5
GGAGTTTGTTTCATAC,5
GGAGTTTGTTTCATAT,5
GGAGTTTGTTTCATAT,5
GGATAAGTATCCACCG,5
GGATAAGTATCCACCT,5
GGATACACATCGTTAT,5
GGATATGGAGGAATTT,5
GGATATTTATTGTGGT,5
GGATGAAAGTTGTAAT,5
GGATGATAATCTGTTT,5
GGATGATATGTTACGC,5
GGATGATTATCAAGGT,5
GGATGGTGACGATGTC,5
GGATGTAAACGTTTGT,5
GGATGTAAACTTACAT,5
GGATTAGTACCACACT,5
GGATTTGTTGTTGGAC,5
GGCAATTCACCATTTC,5
GGCATGAGGGCAGAAC,5
GGCCCAGAAGCTTCAC,5
GGCCGGTGATAAATAT,5
GGCCTTGAAGCCCCTT,5
GGCGCAAAGTTGCGAT,5
GGCTAACTATCTTGGC,5
GGCTAAGAATGAAAGT,5
GGCTAAGAATGAGAGT,5
GGCTATTTTGCTAGTC,5
GGCTGACCAGTTGTCT,5
GGCTGCATGCCTAGTG,5
GGCTGCATGCTTAGTG,5
GGCTGCTATTCAAAAC,5
GGCTGGCATGCATTTC,5
GGCTGGTGACAAATAT,5
GGCTGGTGATAAATAT,5
GGCTGTTGTTCTTGTG,5
GGCTTAATGACAAGTC,5
GGCTTACAGGGAATGC,5
GGCTTACAGGGAATGC,5
GGCTTGAAAACCATTC,5
GGCTTGTGTTCTTTGC,5
GGCTTTTAAACAAAGC,5
GGCTTTTAATCGGCCT,5
GGCTTTTAATCTGCCT,5
GGCTTTTAATTGGCTT,5
GGGAACTGACCTATTG,5
GGGAACTGATCTATTG,5
GGGAAGCCAGTTACTT,5
GGGCAATTCACCATTT,5
GGGCCAGAAGCTGGAC,5
GGGCGGTGATTCAACT,5
GGGCGGTGATTCAATT,5
GGGCGGTGATTTAACT,5
GGGCGGTGGTTCAACT,5
GGGCTTGTATTAAAAC,5
GGGCTTGTATTAAAAC,5
GGGCTTTTATTAAAAC,5
GGGGATTGTATAACCT,5
GGGGATTGTATAACTT,5
GGGGCGCGATCAAAAC,5
GGGTTATAATCAAAGT,5
GGGTTGCAACTGAGGG,5
GGTAAACTTCTTAGTG,5
GGTAATGACTTGAGTT,5
GGTAATGAGTTGGCAC,5
GGTACAACAGCTTTTC,5
GGTAGAATACCTTACT,5
GGTAGAATACCTTATT,5
GGTATAACACTGGGAG,5
GGTCAATTACCTACCC,5
GGTCCATATGCCAGTT,5
GGTCGGCATGCAAAAG,5
GGTGAACAATTTAAAC,5
GGTGAACAATTTAAGC,5
GGTGAACAATTTAGAC,5
GGTGAACAATTTAGAC,5
GGTGAACAGTTTAAGC,5
GGTGACAGATGTACTT,5
GGTGACATACCAAAAC,5
GGTGATAAATTAGATC,5
GGTGATAGTGCAACAT,5
GGTGATTTGATAGCAC,5
GGTGATTTGATAGCAC,5
GGTGATTTGCTAGCAC,5
GGTGCAGGTTTGAAGT,5
GGTGCTTTACTTACAA,5
GGTGGAGCTTCAGTGT,5
GGTGGTGTAGCAGGTG,5
GGTGTAAAACCAGCTG,5
GGTGTTACATTAACAC,5
GGTTAAACATCTTAAC,5
GGTTAATAATTAATCT,5
GGTTAATGAATGTGTC,5
GGTTACATACCAAAAC,5
GGTTATCATCCAGCGC,5
GGTTATGTGTTGAGAC,5
GGTTCACAAACTGTAC,5
GGTTCACAAACTGTTC,5
GGTTGCCTGCTGGTAC,5
GGTTGGTATGCAAAAG,5
GGTTGGTGATAAATAT,5
GGTTGGTTATCAAGTT,5
GGTTGTGTTGCTGACC,5
GGTTTAGAATCTAAAC,5
GTAAAACAACTGTAGC,5
GTAAATTATGTAAAAC,5
GTAAGACTATTCAATC,5
GTAATGGTATCTCTGT,5
GTACACGTGACTTTGC,5
GTACAGGTGTTATTTT,5
GTACCATTATGAAAAC,5
GTACGGGTGACATTGT,5
GTACTAGAGACTTTGC,5
GTAGAATAGTTTATGC,5
GTAGTAGAATCATACC,5
GTAGTAGAATTATACC,5
GTAGTATAACTACACC,5
GTATAAAAATCTCAAC,5
GTATAATATGTGTGAG,5
GTATGGTGGTCATCAT,5
GTCAAATTAATTGTTG,5
GTCATACAATTATGCT,5
GTCTGTTTACTATCAT,5
GTGAAGATGCTTTTTC,5
GTGATAAGGTTGATTC,5
GTGATATGGTTGATTC,5
GTGATGGAACTGGTAC,5
GTGCCGTAATCAAGGT,5
GTGTAACATCTAATGT,5
GTGTACCATTGAATGC,5
GTGTAGTTTTCCACTT,5
GTGTCTCTAACTGTGC,5
GTGTCTTTAACATATC,5
GTGTGACAACCCTTTC,5
GTGTTAGCACTGACAC,5
GTGTTATGATATTGGC,5
GTGTTATTGTCCAACC,5
GTGTTTAAACCGTGTT,5
GTGTTTGAAGCACCTT,5
GTGTTTGATTCAATTC,5
GTGTTTGATTCAATTC,5
GTTAAAACAGCTGTTC,5
GTTATATGGCCCCATT,5
GTTATATGGCCCCCTT,5
GTTATATGGCCCCGCT,5
GTTATATGGCCCCGTT,5
GTTATGATGTCAGCAC,5
GTTATGATGTCTGCAC,5
GTTCAAAAAGTAGCAC,5
GTTCAAAAAGTTGCAC,5
GTTCAAAAATTTGCAC,5
GTTCACAAATGGTTTC,5
GTTCCATACCCTAAGC,5
GTTCCATATCCTAAGC,5
GTTCCATTACTGGTGC,5
GTTCCATTGCTGGTGC,5
GTTCTAACACCGAGTT,5
GTTCTTTAACCTACTC,5
GTTCTTTAATCTACTC,5
GTTGAATGATCTTTGC,5
GTTGAGAAGCTTAAAC,5
GTTGAGGAGCTTAAAC,5
GTTGAGTCTTCTAAGT,5
GTTGATATAATTGAAC,5
GTTGATGAAGCGTTCC,5
GTTGATGAAGCGTTCC,5
GTTGATTTTGTAGCTC,5
GTTGGACAACCCTAGT,5
GTTGGATAACCCTAGT,5
GTTGGATGTTTAGGTC,5
GTTGTGTGACCATGCC,5
GTTTAAAAACAATTGC,5
GTTTATGATCCTTTGC,5
GTTTGAAAACCCTTGC,5
GTTTGACATGCGTTCC,5
GTTTGACATGCGTTCT,5
GTTTGACTACTGAAGT,5
GTTTGTGGACCAAAAT,5
GTTTGTTTTGTAGTTC,5
GTTTGTTTTGTAGTTC,5
GTTTTATAATTTTTTC,5
GTTTTGTAAGTCGTGT,5
GTTTTGTAGCTGATTT,5
GTTTTTCAACCGTCGC,5
GTTTTTGTGGCAATGG,5
TAAAAAAAGGTTGTTT,5
TAAAAACAAATGTGTC,5
TAAAAACATACTTGGT,5
TAAAAACATTCCTCGT,5
TAAAAACTCTTAAGCT,5
TAAAAAGAGTCTTAAT,5
TAAAAAGCAACTTTTC,5
TAAAAAGGACTGGTAT,5
TAAAAATAACAGAGTT,5
TAAAAATTACAGAGTT,5
TAAAAATTGACAATGC,5
TAAAACTGTCCAAGCT,5
TAAAACTTGTCACCAC,5
TAAAAGACATTGAACC,5
TAAAAGGTAGCTCAAC,5
TAAAAGTGAATTAACT,5
TAAAAGTTGTTCTATT,5
TAAAAGTTGTTCTTAT,5
TAAAAGTTTTTCTATT,5
TAAAATAAAACCTCAT,5
TAAAATGCTCTGTGAT,5
TAAAATTAAGTACCTT,5
TAAAATTAAGTATCTT,5
TAAAATTAATTTTAGT,5
TAAACACAAACACACC,5
TAAACACAACCGGCGT,5
TAAACACTGTTGTTTC,5
TAAACATAAGCATCTT,5
TAAACATAAGCATTTT,5
TAAACATTGCCAATGT,5
TAAACCCAACTGATGC,5
TAAACGGTGTTGGCAT,5
TAAACGTTGGCTTGGC,5
TAAACTTGACCCAAAG,5
TAAAGAAAGCCATGTT,5
TAAAGAACTTTAAGTC,5
TAAAGACATGCAGTTT,5
TAAAGACTGTCACCTC,5
TAAAGACTGTCACCTC,5
TAAAGACTTACTTCTT,5
TAAAGATAACCACTTG,5
TAAAGATAAGTTGTTT,5
TAAAGATTGTCCAGCG,5
TAAAGATTTACTTCTT,5
TAAAGATTTTCAGTTC,5
TAAAGCCAACTAAGAG,5
TAAAGCCAACTACATT,5
TAAAGCCAATTTTCTG,5
TAAAGCCAATTTTTTG,5
TAAAGCCGTTTTTATT,5
TAAAGCTAATTTTCTG,5
TAAAGCTAATTTTCTT,5
TAAAGCTGTTTTTATT,5
TAAAGGAAACAAATCT,5
TAAAGGAAACAAATCT,5
TAAAGGAGATTATAAG,5
TAAAGGAGATTATAAG,5
TAAAGGAGATTATAAG,5
TAAAGTAAAACCTCAT,5
TAAAGTAAAACGTGCT,5
TAAAGTAAAGTTATCT,5
TAAAGTTAATGAGACA,5
TAAAGTTATGACTTTC,5
TAAAGTTCATTTTTAT,5
TAAAGTTGATTCAACC,5
TAAAGTTGGTAAAGTT,5
TAAAGTTGTGTTAAGC,5
TAAATATAATTATTGC,5
TAAATATCGTCATTGC,5
TAAATATGGCCTTGAG,5
TAAATATGGTCTTGAG,5
TAAATATGTCTTGAGT,5
TAAATATGTTTTGAGT,5
TAAATATGTTTTGAGT,5
TAAATATTAACGATTG,5
TAAATCCAACTGATGC,5
TAAATGGAGCTTGTGG,5
TAAATGGGATTTAACT,5
TAAATGTGATCGTGCC,5
TAAATGTGATCGTGCT,5
TAAATGTTACTTTAAC,5
TAAATGTTACTTTAAT,5
TAAATGTTCCCGTATC,5
TAAATGTTGTTAAATA,5
TAAATGTTGTTCCATT,5
TAAATTAAATGATCTC,5
TAAATTTATCTCAACC,5
TAAATTTGTCCGTATC,5
TAAATTTTATTTAGGC,5
TAAATTTTATTTAGGT,5
TAAATTTTATTTAGGT,5
TAACAAACAATACCTT,5
TAACAAAGACTTCTAT,5
TAACAAATACAAACAT,5
TAACAAATACAAACCT,5
TAACAAATACAAACCT,5
TAACAACTGCTGGGTT,5
TAACAAGGATTATGCT,5
TAACAAGTATAAGTAC,5
TAACAATGATTATTAC,5
TAACAATGATTATTAT,5
TAACAATGATTGAGTT,5
TAACAATGATTTAGCT,5
TAACAATTGCTTATAT,5
TAACAATTGCTTTGTT,5
TAACAATTGTTTTGTT,5
TAACACAGATTAATAT,5
TAACACCAGTTTACTC,5
TAACACCAGTTTACTT,5
TAACACTGATTAGTGT,5
TAACACTGATTAGTGT,5
TAACACTTACCTGGAG,5
TAACAGCAATCTATGT,5
TAACAGGTTGCTTAGT,5
TAACAGGTTGTTTAGT,5
TAACATACATAGATTT,5
TAACATAGGTTGTAAC,5
TAACATATGTCAAGCC,5
TAACATATGTCAAGCT,5
TAACATCAAGTGATTT,5
TAACATCTAATGTTCC,5
TAACATTTGTCAAGCT,5
TAACATTTGTCAAGCT,5
TAACCAAGACTTTTAC,5
TAACCAGTATTATATT,5
TAACCATATTCATTGT,5
TAACCATCAGTTTGTT,5
TAACCATGACCAACAT,5
TAACCGAAATTATGTC,5
TAACCGGATATGAAAC,5
TAACGGCTACCAACAT,5
TAACGGCTATCAACAT,5
TAACGGTGTGTATTAC,5
TAACGTGTATCTTGGC,5
TAACTATGACTGTGTT,5
TAACTATTATTTGCCT,5
TAACTATTGTTAGTCC,5
TAACTATTGTTAGTCC,5
TAACTGCTAACATGTC,5
TAACTTCAATTAAATG,5
TAACTTCAATTTAAGC,5
TAAGAAAAATCTTGAT,5
TAAGAAAGATTGGTAT,5
TAAGAACATCCTGCAT,5
TAAGAACGCGCTCTAT,5
TAAGAACGCGCTCTAT,5
TAAGAAGAGTTTTGGT,5
TAAGAAGGATTGGTAT,5
TAAGAAGTACCTTGTT,5
TAAGAATATCCTGCAT,5
TAAGAATATCCTGCAT,5
TAAGAGAGATTAAACC,5
TAAGAGAGATTAAGCC,5
TAAGAGAGATTAAGCC,5
TAAGAGAGATTAAGCC,5
TAAGAGAGATTAAGCC,5
TAAGAGATTCCCTGTT,5
TAAGAGATTTCCTGTT,5
TAAGAGTATCTTAATT,5
TAAGAGTATCTTAATT,5
TAAGATTGGCTGTAAT,5
TAAGCACAGTTGGTGT,5
TAAGCACTGATGGTTC,5
TAAGCACTGGTGATTC,5
TAAGCACTGGTGGTTC,5
TAAGCACTGGTGGTTC,5
TAAGCATAAGCATCTT,5
TAAGCATTGGTGGTTC,5
TAAGCGTGGCGAAAAG,5
TAAGGAGAATCAAATC,5
TAAGGATGACGCGTTC,5
TAAGGATTGTCCAGCT,5
TAAGGTTGATACAGCC,5
TAAGGTTGATTCAACC,5
TAAGTAATGTTTCTAC,5
TAAGTATTACTCTATC,5
TAAGTATTATCTACCA,5
TAAGTATTATTCTATC,5
TAAGTATTATTTACCA,5
TAAGTCTAATCATAAT,5
TAAGTGCAGCCCGTCT,5
TAAGTGTAATTTAGCT,5
TAAGTGTGATCGTGCT,5
TAAGTTAAAGTGTAGT,5
TAAGTTGGGTTTTGAT,5
TAAGTTTTATCAAATT,5
TAATAAAAATTATGTT,5
TAATAAAAATTATGTT,5
TAATAAACACCGGTCC,5
TAATAAAGACTTTTAT,5
TAATAACGAACAAGGC,5
TAATAAGAACCTTCCT,5
TAATAAGAGTGTGGCT,5
TAATAAGCACCGGTCC,5
TAATAAGGAGTTTTAC,5
TAATAAGGAGTTTTAT,5
TAATAATAAAGACACC,5
TAATAATAATGGTAGT,5
TAATAATAGAGACACC,5
TAATAATAGAGACACC,5
TAATAATGAACAAGGC,5
TAATAATGACTATTGT,5
TAATAATGATTATTAT,5
TAATAATGGTCTTACT,5
TAATAATGTCTAATAT,5
TAATAATGTTCAACGC,5
TAATAATTGTTATCTC,5
TAATAATTGTTATCTT,5
TAATAATTGTTGGGTG,5
TAATACACACCAAACC,5
TAATACCAGTCTTGGT,5
TAATAGAGCCCTAGTT,5
TAATAGAGCTTTACTT,5
TAATAGCTTCTTCCCC,5
TAATAGCTTGTGCATC,5
TAATAGGTATTGGCGG,5
TAATAGGTATTGGTGG,5
TAATAGTAGTGTGCCT,5
TAATAGTGGTCCAGAT,5
TAATAGTGGTCTTACC,5
TAATAGTGGTCTTACT,5
TAATAGTTGGCAAAAT,5
TAATATAATTTATTGC,5
TAATATAATTTATTGC,5
TAATATATGTCAGGCT,5
TAATATCAGCTTATGT,5
TAATATTACACTGGCC,5
TAATATTTTCCCTTGT,5
TAATCACAGTGTAGTT,5
TAATCACGATCGTTAT,5
TAATCATACGTTTGAC,5
TAATCATACGTTTGGC,5
TAATCCTGCCCTGTGT,5
TAATCGCAGACGAGAT,5
TAATCGTAGACGAGAT,5
TAATGAAAACCAAGCC,5
TAATGAAAACCAAGCT,5
TAATGAAAACCAAGCT,5
TAATGAAGAGTTTTAT,5
TAATGACAACCAAGCA,5
TAATGACGTTCGTGAT,5
TAATGAGAAGCAAGAA,5
TAATGATAACCAAGCA,5
TAATGATAAGTATTTC,5
TAATGATAAGTCGGTT,5
TAATGATGTCGAAGTC,5
TAATGATGTCTATAAT,5
TAATGATGTCTTATAC,5
TAATGCAAGGCATATC,5
TAATGCACATCGTTGT,5
TAATGCCAATCGTTTT,5
TAATGCCCACTTACAC,5
TAATGCCTACTTACAC,5
TAATGCTAACCAAGTC,5
TAATGCTGAACACCTC,5
TAATGCTGAACACTTC,5
TAATGCTGAACACTTC,5
TAATGCTGAACACTTC,5
TAATGCTGAACACTTC,5
TAATGCTGAACATTTC,5
TAATGCTGTCTATGAT,5
TAATGGCAAGTGGTAC,5
TAATGGCAAGTGTTTG,5
TAATGGGAACTGGTAC,5
TAATGGGAACTTCTAT,5
TAATGGGAATTTCTAT,5
TAATGGTAACCTCTAC,5
TAATGGTAACTTTTAT,5
TAATGGTAAGTATTTC,5
TAATGGTAATCATATT,5
TAATGGTAATTATTTC,5
TAATGGTAATTTTTAT,5
TAATGGTACACATACC,5
TAATGGTCGTCCGACT,5
TAATGGTGACTTTTTG,5
TAATGGTGTCTTACAC,5
TAATGGTGTTTATTAT,5
TAATGGTTACTATCCT,5
TAATGGTTATCAACAT,5
TAATGGTTATTACCCC,5
TAATGGTTATTACCCC,5
TAATGTCTATGTTACC,5
TAATGTGGACTGGATC,5
TAATGTGGACTGGGTC,5
TAATGTGTACCTTGGC,5
TAATGTGTACCTTGGT,5
TAATGTGTATCTTGGC,5
TAATGTGTATCTTGGC,5
TAATGTTAAACCAGGT,5
TAATGTTAAACCTGGT,5
TAATGTTAATCGATTT,5
TAATGTTGACTTTAAG,5
TAATGTTGTTGGACCT,5
TAATGTTTATTTAGGC,5
TAATTACAAGCAATCT,5
TAATTACTATTCTTAT,5
TAATTACTGGCGTCCC,5
TAATTACTGGCGTCCC,5
TAATTATAAACAGTCC,5
TAATTATAAACAGTCT,5
TAATTATAACCCATTT,5
TAATTATAAGCAATCT,5
TAATTATAAGCAGTCT,5
TAATTATATGCCTTAT,5
TAATTATGACTGTGTT,5
TAATTGAGGACTACCA,5
TAATTGAGGACTATCA,5
TAATTGGAATTTAGAG,5
TAATTGTAGTTTCCAG,5
TAATTTAAATCTAAAC,5
TAATTTACGCCAGGAT,5
TAATTTAGTCCTTAAT,5
TAATTTAGTGCGTGAT,5
TAATTTTAATATGAGC,5
TAATTTTAGACATTCT,5
TAATTTTGAGCCATTT,5
TACAAAAAATTTACCC,5
TACAAACAGTTGCTAC,5
TACAAACGCCTTACGC,5
TACAAAGAATTAGGTT,5
TACAAAGTAACAGTCT,5
TACAAAGTATTACCTC,5
TACAAATTACCATTTC,5
TACAAATTTTCGAATT,5
TACAACATACCCTACT,5
TACAACTGTATTAAAT,5
TACAACTGTATTAAAT,5
TACAAGAAATTTTGTC,5
TACAAGCCACTAAATT,5
TACAAGTGCCTTTATT,5
TACAATCAAGTGACAC,5
TACAATTAGGCAATTT,5
TACAATTGGGCAATTT,5
TACAATTTGCCTATTC,5
TACACACAATCGACGG,5
TACACAGAACTGGAAC,5
TACACGCACTCCTCTT,5
TACACTCAGCTTTGTC,5
TACACTGGGCTTACCC,5
TACACTTGGTTTGACT,5
TACAGAAGAGGTTGGC,5
TACAGAATTTCAAGGA,5
TACAGAATTTTAAGGA,5
TACAGATAAACTTTGC,5
TACAGATTATGTTGAT,5
TACAGGAGCACTAGCC,5
TACAGGCAGTGTTTGC,5
TACAGGTAGCCTTAAT,5
TACAGGTGAATTACCT,5
TACAGTATCTTAAGCC,5
TACAGTCAAATGGGCT,5
TACAGTGACCCTGCAA,5
TACAGTGTATCATGCT,5
TACAGTTTACTACATT,5
TACAGTTTACTACATT,5
TACAGTTTACTACATT,5
TACAGTTTGGTTATAC,5
TACATAGAAGGTATTT,5
TACATAGAAGTTATTT,5
TACATAGAGTTTATGC,5
TACATATAAACGTGCC,5
TACATATAATGGATAC,5
TACATCATGCCTATGC,5
TACATCATTACAATGC,5
TACATGGTTGCTAATG,5
TACATGTGTGTTGTGC,5
TACATTAAAACATTTC,5
TACATTGCATTATTTC,5
TACATTTATATAATGT,5
TACCAAAGTCTAAACG,5
TACCAACCACCCAACT,5
TACCAACCACCTACTG,5
TACCAACCCCCGTAAT,5
TACCAACCGCCTACTG,5
TACCAACCGCCTACTG,5
TACCAACCTCCTACAG,5
TACCAACTACTACTGG,5
TACCAACTACTACTGG,5
TACCAACTACTACTGG,5
TACCAATGTGCTATGA,5
TACCACAACTCTTAAT,5
TACCAGCGATTTAGGT,5
TACCAGGAGCAAGATG,5
TACCAGGTACCGCTTT,5
TACCAGGTACTGCTTT,5
TACCAGTAGCCGAGAT,5
TACCAGTAGCGGAGAC,5
TACCAGTGATTTAGGT,5
TACCATGACTCAAATG,5
TACCATGACTCAAATG,5
TACCATTGATTCTAAC,5
TACCATTTACAAGTTG,5
TACCCACAAACGATTT,5
TACCCACATACGACTT,5
TACCCACATACGATTT,5
TACCCACTTACAAAAC,5
TACCCATTGTCCAAGC,5
TACCCATTGTCTAAGC,5
TACCCGGTGGTTGCGC,5
TACCCTCCAATTGGAC,5
TACCCTCTTTCAAAAC,5
TACCCTCTTTCAAAAC,5
TACCGAAGAGCTACCC,5
TACCTACATTCTGCGC,5
TACCTACATTTTCTAT,5
TACCTACTGTTATTGC,5
TACCTATAAACGTGCC,5
TACCTATGAACATGTG,5
TACCTATGAACATGTT,5
TACCTATTACTTGCCT,5
TACCTATTATTTGCCT,5
TACCTATTATTTGCCT,5
TACCTATTTTTTAGTC,5
TACCTATTTTTTAGTC,5
TACCTCAAATTAAGAT,5
TACCTCAAATTAAGGT,5
TACCTCTGATTGGTCT,5
TACCTGAAACTTACTT,5
TACCTGCTAATATTGT,5
TACCTTACAATAGTGT,5
TACCTTATATTAAATT,5
TACGAAAAATTTACCC,5
TACGACTCATCAGATC,5
TACGACTCATCAGATC,5
TACGAGTTGTCATCCT,5
TACGAGTTGTCATCCT,5
TACGATCTGTCATCCT,5
TACGATTTGTCATCCT,5
TACGATTTGTCATCCT,5
TACGATTTGTCATCCT,5
TACGATTTGTCATCCT,5
TACGCAGAACTGGAAC,5
TACGCTCAAACATTTT,5
TACGTAGTCACGATAT,5
TACGTAGTTACGATAT,5
TACTAAAAAGGCTGGT,5
TACTAACATTCTACCT,5
TACTAACATTTTACCT,5
TACTAACGGTTTTAAT,5
TACTAACTGTTTAGCT,5
TACTAAGAGGTTTGAT,5
TACTAAGGGTCTTTCC,5
TACTAAGTGTTTAGCT,5
TACTAAGTGTTTAGCT,5
TACTAAGTTTCTGTTT,5
TACTAATGACAAAGCT,5
TACTAATGATCCTCAG,5
TACTAATTACAAACTC,5
TACTAATTGTTACGAC,5
TACTACCAACCCATTC,5
TACTACGAATCTATAT,5
TACTACTCAGCAAGCT,5
TACTACTGGTTTTGTC,5
TACTACTGTACTCGAC,5
TACTACTTGTTTGTAC,5
TACTACTTGTTTGTAT,5
TACTAGAAGCTTACGC,5
TACTAGAAGCTTACGT,5
TACTAGAAGGTTCTGT,5
TACTAGAAGTTTACGC,5
TACTAGGACCTCTTTC,5
TACTAGGTGTTTAGCT,5
TACTATAACTCAAATG,5
TACTATCAACCCATTC,5
TACTATCAACTGTCAA,5
TACTATCACACAGCTT,5
TACTATGACACAACTG,5
TACTATGACACAGCTG,5
TACTATGACACAGCTT,5
TACTATTAATAACTTT,5
TACTATTAATAATTAT,5
TACTATTATGCTACAT,5
TACTATTGCGCAAGCC,5
TACTATTGTTCCACCT,5
TACTCGCAACTACATC,5
TACTCTTATGCAAGGT,5
TACTCTTCACCTCTGC,5
TACTGAAAAATTAAGT,5
TACTGAAGATGGTATT,5
TACTGAATATGCTTCC,5
TACTGAATATGCTTCC,5
TACTGAATATGCTTCT,5
TACTGAGTATGCAGCT,5
TACTGAGTATGCTTCC,5
TACTGATGACCGTTGT,5
TACTGATGTTCTTGTT,5
TACTGCTAATTTGTCC,5
TACTGGAAAATTAAGT,5
TACTGGAGATTGTTAT,5
TACTGGATGATTTTGT,5
TACTGGGAACCTGAGT,5
TACTGGTAATTTATTT,5
TACTGGTAATTTTTAT,5
TACTGGTGAGTTATTT,5
TACTGGTGATTTATCT,5
TACTGGTGATTTATTC,5
TACTGGTGATTTATTT,5
TACTGGTTGCTGCGGC,5
TACTGGTTGTCACACT,5
TACTGGTTGTCATACT,5
TACTGTCATACCTGAC,5
TACTGTCTTGCGTGAC,5
TACTGTTATCCGTGGT,5
TACTTATAAACGTGCC,5
TACTTATAAATTGGAT,5
TACTTATAACCTCTGG,5
TACTTATAACCTGTGG,5
TACTTATAAGTGCCCC,5
TACTTATAAGTGTCCC,5
TACTTATTATTTGCCT,5
TACTTATTTTTTAGTC,5
TACTTCTATTCTATCT,5
TACTTCTGATCAAGCT,5
TACTTGGAAGCTGTTA,5
TACTTGGAGTCAGGAA,5
TACTTGTTACTTTGGC,5
TACTTGTTATTTTGTT,5
TACTTTACAAGTGAAC,5
TACTTTAGTCCTTAAT,5
TACTTTTAATTTGTTT,5
TACTTTTCAACAAAGT,5
TAGAAACGAGCATGAT,5
TAGAAACGAGCATGAT,5
TAGAAAGAGTTTTAAT,5
TAGAAAGGTTCAACAC,5
TAGAAATAGAGATGTT,5
TAGAAATGAACACGTT,5
TAGAAATGAGCACGTT,5
TAGAAATGAGCATGAT,5
TAGAAATGAGCATGTT,5
TAGAACTGGTCAGTTT,5
TAGAAGGAGCCCATGC,5
TAGAATCTTTCTTCGC,5
TAGAATGGACACATTC,5
TAGACAAAGTTAAAAC,5
TAGACAATGTCTTATC,5
TAGACACTGTTGTTTC,5
TAGACGACATCAATTT,5
TAGACGACATCAATTT,5
TAGACGACATCAATTT,5
TAGACGACATCAATTT,5
TAGACTGTATTTACAT,5
TAGACTGTATTTATAT,5
TAGAGAAGGTTATAGC,5
TAGAGCTAAGTCTGTC,5
TAGAGCTAAGTCTGTT,5
TAGAGCTTACCTAGGA,5
TAGAGGCTAATAGTAG,5
TAGAGTGCACTTATAT,5
TAGAGTGCACTTATAT,5
TAGAGTTAACGTGCCC,5
TAGAGTTAATGTGCCC,5
TAGAGTTTACTGAACT,5
TAGAGTTTACTGAATT,5
TAGATACGAGGAATAC,5
TAGATGACATCAATTT,5
TAGATGGAGCTGTAGT,5
TAGATGGTGTCCTTTC,5
TAGATGTAGTTAACTT,5
TAGATTCTTGCAAAAG,5
TAGATTTAAACACGGC,5
TAGATTTATTCTAGTT,5
TAGATTTGTTCTAGTT,5
TAGCAAAAATTGTTGC,5
TAGCAAGTGCCTGACT,5
TAGCAATAATCAAGAG,5
TAGCACCGGGTTCTGC,5
TAGCACTCTCCAAGGG,5
TAGCAGAACTCGAAGG,5
TAGCAGCTACCCGAGG,5
TAGCAGCTACTCGTGG,5
TAGCAGGTGGTAAAAT,5
TAGCAGTTATTTAAAC,5
TAGCATTAACCATGAT,5
TAGCATTTATAAATTG,5
TAGCGATAATGTTACT,5
TAGCTAACATCTTTAC,5
TAGCTAATATGTTACC,5
TAGCTATGGTTATTGC,5
TAGCTGATAACAAATT,5
TAGCTGATATTTCTGC,5
TAGCTGTAGTATAAAC,5
TAGCTGTTGACTTTAT,5
TAGCTGTTGTTGTTTC,5
TAGCTTAGGTTTTCAT,5
TAGCTTAGGTTTTGAT,5
TAGCTTAGGTTTTTAT,5
TAGCTTTTGATAAGCT,5
TAGGAAAGGTTTTACC,5
TAGGAAGAAATTTCCC,5
TAGGAATGGTCTTTGT,5
TAGGAATGGTTTTTGT,5
TAGGACTGCTCCAACC,5
TAGGACTTGTTAATTC,5
TAGGATTGGTCTTTGT,5
TAGGCATAATTGGAAT,5
TAGGCTTAGCCAAGCG,5
TAGGGCATGCCGATTT,5
TAGGGGGCAACGTGTT,5
TAGGGTCATCCCCAGG,5
TAGGGTCATTCCCAGG,5
TAGGTACTAATGTTCC,5
TAGGTATTGGCGGTAC,5
TAGGTGTAGGCCATTA,5
TAGGTGTAGGTTTTAC,5
TAGGTTCAAGTGTCGC,5
TAGGTTCAGGTGTCGC,5
TAGGTTTAGTTAACTT,5
TAGTAAAATTTAGTGC,5
TAGTAACAGTATGACT,5
TAGTAACAGTATGGCT,5
TAGTAAGAGTTGGTAT,5
TAGTAAGCACTGTGAG,5
TAGTAAGCACTGTTAG,5
TAGTAAGGGTTGGTAT,5
TAGTAATAATCGTTGC,5
TAGTAATAGGTTTCCT,5
TAGTAATATACAACCT,5
TAGTAATGAATATTGT,5
TAGTAATGACTATTGT,5
TAGTACCATTGATTCT,5
TAGTACCGGCTGGTTT,5
TAGTACTGATACTGTT,5
TAGTACTGGTCTGTGC,5
TAGTACTGTCCCCTTC,5
TAGTACTGTCCCCTTC,5
TAGTACTTTACAGCCC,5
TAGTAGGTGGTTGTGT,5
TAGTATACACTGCGGC,5
TAGTATGCTCCACCAC,5
TAGTATGGTCTTACCT,5
TAGTATGGTTTTACCT,5
TAGTATGTATGAAAAT,5
TAGTATTAATCATGAC,5
TAGTATTGATGCTTTC,5
TAGTCATAGTTTGTTC,5
TAGTCATAGTTTGTTT,5
TAGTCATAGTTTGTTT,5
TAGTCCCGGTCTGTGC,5
TAGTCCTGGTCTGTGC,5
TAGTCCTTAATAACCC,5
TAGTGACGGCTACTTC,5
TAGTGACTTCCTACCC,5
TAGTGAGATTCAATGT,5
TAGTGATCTTCTTTAC,5
TAGTGATCTTCTTTAC,5
TAGTGATGTGCTTTAC,5
TAGTGATTGGTACATT,5
TAGTGGCATTTTTGGC,5
TAGTGGCGTTTTTGGC,5
TAGTGGTAAGTCACAT,5
TAGTGGTGACTTTTTG,5
TAGTGGTGCTCATGTT,5
TAGTGTCATTCCACTG,5
TAGTGTCATTGTTAAC,5
TAGTGTCTGGCCTCAC,5
TAGTGTGAATCTTTTT,5
TAGTGTGAATCTTTTT,5
TAGTGTGAATTTTTTT,5
TAGTGTTAATCTTTTT,5
TAGTGTTAGTAAACCT,5
TAGTTATAGACAATTC,5
TAGTTATAGCGGTTAT,5
TAGTTCATACTGATTC,5
TAGTTCCTGTTCTTGT,5
TAGTTGAAGTTGTTAC,5
TAGTTGTAAATGGACC,5
TAGTTGTAAATGGACT,5
TAGTTGTAGGTCCTAC,5
TAGTTGTTGATTGTGC,5
TAGTTGTTGATTGTGC,5
TAGTTTAGGTTTTTAT,5
TAGTTTAGTCCTCAAC,5
TAGTTTAGTCCTTAAC,5
TAGTTTAGTCCTTAAT,5
TAGTTTAGTTCTTAAT,5
TAGTTTATACTGCTGC,5
TAGTTTGAGTTTTAAT,5
TAGTTTGTACTATACC,5
TAGTTTTAGGTGACGC,5
TAGTTTTAGGTGATGC,5
TAGTTTTAGTCCAGAG,5
TAGTTTTATCTTGTGT,5
TAGTTTTATTTTGTCT,5
TATAAAATGGCCATGG,5
TATAAACAAGCTAATG,5
TATAAACCACCTTTTC,5
TATAAAGACCTTACAG,5
TATAAAGGATGTTGAC,5
TATAAAGGATGTTGAC,5
TATAAAGTATTACCTC,5
TATAAATTACCTGGGT,5
TATAAATTGCCAGATG,5
TATAACGTTCCTTTGC,5
TATAACGTTGTTACTC,5
TATAACTCACCTTCTT,5
TATAACTCACCTTCTT,5
TATAAGGAAACAAATT,5
TATAATAAAACCATTC,5
TATAATACATTTACAC,5
TATAATACATTTACAC,5
TATAATTAAGTTAATT,5
TATAATTTGTTAGCAT,5
TATAATTTGTTAGCAT,5
TATACAACAGTGGGGT,5
TATACAGAACTGGAAC,5
TATACAGTTTCCTGTT,5
TATACAGTTTCCTGTT,5
TATACATCTTTGGTTC,5
TATACTATTGTTGTTC,5
TATACTCAACTGTGTC,5
TATACTCAACTGTGTC,5
TATACTCAATTATGTC,5
TATACTCAGTTATGTC,5
TATACTCTTTCAGATT,5
TATACTTGATCGTGTT,5
TATAGAACATCCTGAT,5
TATAGAGAAGCGGCGT,5
TATAGAGTACCCTTAT,5
TATAGAGTATCCTTAT,5
TATAGCAGACTCTTAT,5
TATAGCAGATTCTTAT,5
TATAGGAGATTTAAAG,5
TATAGGAGATTTAAAT,5
TATAGGAGATTTAAAT,5
TATAGGGAGGCTGCTT,5
TATAGGGAGGCTGCTT,5
TATAGGGAGGCTGCTT,5
TATAGTGTGGTAGTAC,5
TATAGTTCATTAGTAC,5
TATAGTTCATTGGTAC,5
TATAGTTCATTGGTGC,5
TATATACAATCTGTTA,5
TATATATGATTGATCC,5
TATATATGATTGATCC,5
TATATATGATTGATCC,5
TATATATTGGAGATCC,5
TATATGATGCCTATGC,5
TATATGCAATTGTGCC,5
TATATGCAGCTGATCC,5
TATATGCATCAAATTG,5
TATATGCTGCTGATCC,5
TATATGTGAATTGTGT,5
TATATGTGAATTGTGT,5
TATATTAAATTAAATT,5
TATATTATGCCTATGC,5
TATATTTAATTGCTTT,5
TATATTTAATTGTTTT,5
TATATTTTGTCAACAG,5
TATCAACACACTTAAC,5
TATCAACCCCCATAAT,5
TATCAACCCCCATAAT,5
TATCAAGAGCTAAGTC,5
TATCAAGAGTTAAGTC,5
TATCAATATTTAGCGC,5
TATCAATATTTAGCGC,5
TATCAATGACTTCAGT,5
TATCAATGATTAAAGG,5
TATCACTTAACAATCC,5
TATCACTTAATAATCC,5
TATCACTTATCAAGGT,5
TATCAGAAACCCTTTT,5
TATCAGATAATGTTGT,5
TATCAGTATTCAAATC,5
TATCAGTATTCAGATC,5
TATCAGTGTGCCATGA,5
TATCATAAACTTGGAG,5
TATCATCACCTCAACT,5
TATCATGGATGGTTGC,5
TATCCTGAACCAATTT,5
TATCGACTTGCGAATG,5
TATCGCACATTTACAC,5
TATCGCATGTCAGTTA,5
TATCGTGGTGTTAAAC,5
TATCTACAATTATTAC,5
TATGAAAATGCCTTTT,5
TATGAAAATGCTAGAC,5
TATGAACAATTTAAGA,5
TATGAACATGTTATAT,5
TATGAACCTCTAACAC,5
TATGAACGAACCTGAT,5
TATGAAGTATCATCCT,5
TATGAATGAACCTGAT,5
TATGAATGGTCGTACT,5
TATGACAAATGGTTCC,5
TATGACTAATCCAGAT,5
TATGAGCTATTATTGC,5
TATGAGTATTGTCAAC,5
TATGAGTTTGTCCTAC,5
TATGATCCTCTCTCTT,5
TATGATCTTCTCTCTC,5
TATGATCTTCTCTCTT,5
TATGATGGACTTGGTC,5
TATGATGGACTTGGTT,5
TATGATGGATCTTGTA,5
TATGATGTTTCTAAAC,5
TATGATTGAACGGTTC,5
TATGATTGTGCAATTT,5
TATGCATAAATCATTC,5
TATGCCATACCATCCT,5
TATGCCATATCATCCT,5
TATGCTAAGTCAAACT,5
TATGGAACACTTTTAC,5
TATGGACAATTCACCT,5
TATGGATAAACCCTGT,5
TATGGATGAAGATATC,5
TATGGATGGTTACTGT,5
TATGGCAGATTCAAAC,5
TATGGCAGATTCAAAC,5
TATGGCGTGTTACAGC,5
TATGGCGTGTTACAGC,5
TATGGGGAGTCTGTGT,5
TATGGTAGGTCCTGAT,5
TATGGTGATGTTGTCT,5
TATGGTTGATTCAACC,5
TATGTATAAAGTAGTT,5
TATGTATAAGCAAGCA,5
TATGTATTGTTCCTTT,5
TATGTATTGTTCTTTC,5
TATGTCTTTGTCATAC,5
TATGTCTTTGTCATAT,5
TATGTGGATACATTTT,5
TATGTGGCTCTCAAAC,5
TATGTGGCTCTCAGAC,5
TATGTGTGAATATCCT,5
TATGTGTGTTGAGTAT,5
TATGTTAAACCAGGTG,5
TATGTTAGATCTTTGC,5
TATGTTCCATCAGTTG,5
TATGTTCGAACCTATC,5
TATGTTCGAGCCTATC,5
TATGTTCGGACCTATC,5
TATGTTCGGGCCTATC,5
TATGTTGATTTGAAGT,5
TATGTTGCAGCATATT,5
TATGTTGGATCTTTGC,5
TATGTTGGATCTTTGC,5
TATGTTTATGCATGGC,5
TATGTTTGGGCCTATC,5
TATTAAACATCCAATT,5
TATTAAAGACTGGAAC,5
TATTAAAGACTGGAAC,5
TATTAAAGACTGGAGC,5
TATTAAAGACTGGCAC,5
TATTAAAGATGTCGAC,5
TATTAAAGATGTTGAC,5
TATTAAAGATGTTGAC,5
TATTAAAGATGTTGAT,5
TATTAAAGGATTAAAC,5
TATTAAATGGCTTTTT,5
TATTAACAAGGACACT,5
TATTAACAATTCTACT,5
TATTAACACGGGAAAT,5
TATTAACGGTTTTAAT,5
TATTAACTGGTTTGTT,5
TATTAAGGATTGTGTT,5
TATTAATAATACAACA,5
TATTAATAATCTGTTA,5
TATTAATAATTATAAT,5
TATTAATGATTTAAAC,5
TATTAATGCTCGTATT,5
TATTAATGCTCGTATT,5
TATTAATGGCTATCGC,5
TATTAATGGGCTTGGT,5
TATTAATGGTCGTCTC,5
TATTAATGGTCGTCTT,5
TATTAATTATTTAGGT,5
TATTACAGTTCAATAT,5
TATTACATATGTTTCT,5
TATTACGAACCTGTGC,5
TATTACGAATCTATAT,5
TATTACTCATGCACTT,5
TATTACTGGTCAAGGT,5
TATTACTGGTGTACCT,5
TATTACTGGTTTTGTC,5
TATTAGAAGATGAATT,5
TATTAGCGATATGTAT,5
TATTAGCTACTATGAC,5
TATTAGTGATATGTAC,5
TATTATAAAGTGAATT,5
TATTATAAGTATAATT,5
TATTATAAGTATAATT,5
TATTATAATTCAGGTA,5
TATTATCTGCTGATGC,5
TATTATGAAGCATTAT,5
TATTATGAATCTATAT,5
TATTATGAGGCATTAT,5
TATTATGATGCTAATC,5
TATTATTAAGTTAAGT,5
TATTATTAGATGATTT,5
TATTATTAGTAGTTGC,5
TATTATTCAATTTCCT,5
TATTATTCACTAACTC,5
TATTATTTACTAACTC,5
TATTCAAAGTGTTGAC,5
TATTCAAGATTAATAT,5
TATTCATTTGCCTGCT,5
TATTGAACAGCTGCTT,5
TATTGAAGACTGACAG,5
TATTGACACGGGAAAT,5
TATTGACAGACTGTTT,5
TATTGACAGGCTGTTT,5
TATTGACAGGCTGTTT,5
TATTGACATTGATGCT,5
TATTGACTATAGACAC,5
TATTGATGGCCTTTCT,5
TATTGATGGTCTTTCT,5
TATTGATTATAAACAC,5
TATTGCATGTCAGTTC,5
TATTGCCAACTCATTG,5
TATTGCTGACCTTGCT,5
TATTGCTGACTTGGCT,5
TATTGGAAAATACTAC,5
TATTGGATGATTTTGT,5
TATTGGATTTTAAAAC,5
TATTGGCAAACAGCGT,5
TATTGGGACCTCTTTC,5
TATTGGGGATTTTTCT,5
TATTGGTGACTTGTGC,5
TATTGGTTATTCATTA,5
TATTGGTTTTTAAACC,5
TATTGGTTTTTAACCT,5
TATTGTAGGTCCTGAT,5
TATTGTATTCTAGAGC,5
TATTGTCAACCACCTA,5
TATTGTCAACCTTTGA,5
TATTGTGGATTCATAT,5
TATTGTTAACCCTGCT,5
TATTGTTAAGTCATTA,5
TATTGTTAATACACGC,5
TATTGTTAATCCTGCT,5
TATTGTTACACAATTC,5
TATTGTTATACAGATG,5
TATTGTTGGCTGTAAT,5
TATTGTTTATGTTGGT,5
TATTGTTTATGTTGGT,5
TATTGTTTGCTATGAC,5
TATTGTTTGCTATGAC,5
TATTTAAATACTACTT,5
TATTTACACTCAGAGT,5
TATTTAGGTACTATTT,5
TATTTAGTACCTCTTT,5
TATTTATGACCGGCTT,5
TATTTATGATTATGTT,5
TATTTATGATTTAACC,5
TATTTATTACTTGGTC,5
TATTTCAGGCCAAGGC,5
TATTTCAGGCCAGGGC,5
TATTTCTAACAAAGCT,5
TATTTCTAATAAAGCT,5
TATTTGAAGCCTATGC,5
TATTTGCAATTCAGCT,5
TATTTGGAAGCTGTTA,5
TATTTGGAATCTTGAC,5
TATTTGGAGCCAGGAA,5
TATTTGGGAGCAATTC,5
TATTTGTAGCTAATAT,5
TATTTGTTTCTCAACC,5
TATTTTAAATTAAGTA,5
TATTTTAAATTAAGTA,5
TATTTTACGTCAACAT,5
TATTTTACGTCAATAT,5
TATTTTGCGTCAATAT,5
TATTTTGGAGAAATTC,5
TATTTTGGAGAAATTC,5
TATTTTTAGTGATTTT,5
TATTTTTATGTTACAC,5
TATTTTTCAATGATAC,5
TATTTTTCACTGATAC,5
TATTTTTTATTAGTTT,5
TATTTTTTATTAGTTT,5
TATTTTTTGTTAGTTT,5
TCAATTGGACCACTTC,5
TCACAGCAGCTTGTTC,5
TCACAGGGACTACTCC,5
TCACTGCTTCTGACAC,5
TCCAAACAATTGCAAC,5
TCCACAAGCCCTATTC,5
TCCATGATGTTGAACC,5
TCCTTATGGCCGTATC,5
TCGATGCAACTAATTC,5
TCTAAAGAGCTTAAAC,5
TCTAAATGACTTTAGC,5
TCTAAGATGACTAGTC,5
TCTAAGGAATTGAAAC,5
TCTATGATGTTGAACC,5
TCTCAATGACTTCAGT,5
TCTTATGGGTTGGGAT,5
TCTTGGTGACCTTGTC,5
TCTTGGTGATCTTGTC,5
TGAAAAACATCAAGAC,5
TGAAAAGCTCTCAATC,5
TGAAACTAATGCAATC,5
TGAAAGATGGCACTGT,5
TGAAATGGACTATGTT,5
TGAACATTGCTAAATG,5
TGAAGAATACCAAAAA,5
TGAAGAATATTGTAAC,5
TGAAGGAAAACAGGGT,5
TGAAGGCAAAGCATAC,5
TGAAGGCAGTCGCGGC,5
TGAAGGCAGTCGCTGC,5
TGAAGGTGACTGGGAT,5
TGAAGTCAGACAAATC,5
TGAATATAAATGATTG,5
TGAATGCAACCAAATG,5
TGAATGTTGCTAAGTA,5
TGAATGTTGCTAAGTA,5
TGAATGTTGCTAAGTA,5
TGAATTGTAACATTCC,5
TGAATTGTAATATTCC,5
TGACAAAAGTGCTGGT,5
TGACAACAGATGTTTC,5
TGACAAGAACCCTATT,5
TGACAATCACTGAACT,5
TGACAATGACCAAATT,5
TGACAATTACTGAACT,5
TGACAGCTAACAATCT,5
TGACCAGGTGCATGAT,5
TGACCAGTATCTCTGT,5
TGACCTTGACCGGTGC,5
TGACCTTTATTAAACT,5
TGACGATGGTGGTGAC,5
TGACGGATGTTCGCTC,5
TGACTACTATCGTTAT,5
TGACTACTATCGTTAT,5
TGACTACTTTTGAAAT,5
TGACTATTATCGTTAT,5
TGACTGCTAACAATCT,5
TGACTGGAAGCCTGGT,5
TGACTGGAAGCCTGGT,5
TGACTGTTGCTAAGGT,5
TGACTGTTGCTAAGGT,5
TGACTTAAAGTGGCTC,5
TGACTTTTATTAAACT,5
TGAGAAAGCTTCTCTC,5
TGAGAACTAATTGGAC,5
TGAGAACTAATTGGAC,5
TGAGAACTAATTGGAC,5
TGAGAAGGGCTTAAAG,5
TGAGATTTGTTAAGTC,5
TGAGCAGTGCTGACTC,5
TGAGCATTGTCAGAAT,5
TGAGCGTGGCTTGTTC,5
TGAGGATCGCTCTAAT,5
TGAGTACGAACTTATG,5
TGAGTACGAACTTGTG,5
TGATAAAAGTGCTGGT,5
TGATAAAAGTGTATAT,5
TGATAAAGACCTCAGC,5
TGATAAATATCCATCT,5
TGATAAATGGCTTAAC,5
TGATAAGAGTGCTGGC,5
TGATAATAAAGTAATC,5
TGATAATAAAGTAATC,5
TGATAATAAAGTAATT,5
TGATAATAACGTAATC,5
TGATAATGTTTTGCCT,5
TGATAGCCTTCTTAGT,5
TGATAGCTACTATTCT,5
TGATAGTGTTCAGTGC,5
TGATAGTTATCTTGGT,5
TGATATCAATCATGGG,5
TGATATGGAGGAATTT,5
TGATATTAATCATGGG,5
TGATCATAGTCAATAT,5
TGATCATAGTCAATAT,5
TGATCATTGTGGAGGT,5
TGATCGTTACCCAGCC,5
TGATGAAAATTATAAC,5
TGATGACAGTTAAGGT,5
TGATGACGATTATGTC,5
TGATGATAGTCAATAT,5
TGATGATAGTCAATAT,5
TGATGATAGTGGTGAC,5
TGATGATTATTATGGT,5
TGATGGAGTGCAGTGT,5
TGATGGCAACTACTAC,5
TGATGGCAACTACTAC,5
TGATGGTGAGTTACCT,5
TGATGTCATACGTTAC,5
TGATGTTAATCAGTAT,5
TGATGTTATGCGTTAC,5
TGATTACACCCTTGCC,5
TGATTATAGTCAATAT,5
TGATTATTGTGGAAAC,5
TGATTATTGTGGAGGC,5
TGATTATTGTGGAGGC,5
TGATTATTGTGGAGGC,5
TGATTCGAGACAAGTT,5
TGATTCGAGACAAGTT,5
TGATTCGAGATAAGTT,5
TGATTCGCGACAAGTT,5
TGATTGCTGCCTACAC,5
TGATTGGCGGTGATGT,5
TGATTTATTGCAGCCC,5
TGATTTGGATCATACT,5
TGATTTTAATTGTACT,5
TGATTTTGGTCTTGAT,5
TGATTTTTGTCTTAAC,5
TGCAAAAGATCATAAT,5
TGCAAAATAACGAATT,5
TGCAAAGGATTTTAAC,5
TGCAAATATTGAAGGT,5
TGCAAGTGAACAGTGC,5
TGCACATCAGTAGTCT,5
TGCACATCTGTGGTTC,5
TGCACATTAGCCGTGC,5
TGCACCTAAGCAAGGT,5
TGCACTTATTTGTTCT,5
TGCAGACAAGCCTAAT,5
TGCAGACAAGCCTAAT,5
TGCAGATAAACTTTGC,5
TGCAGATAAACTTTGC,5
TGCAGATTATCACAAC,5
TGCAGTTCGGTTATAC,5
TGCATGGAGGCGGTGT,5
TGCATTTATATAATGC,5
TGCATTTATATAATGT,5
TGCCAAAGACCAGTAT,5
TGCCAAGAATTTAAAT,5
TGCCAAGATTCTTGCT,5
TGCCAATTATTGAAGT,5
TGCCAATTGCAGACCC,5
TGCCAATTGGTTATGT,5
TGCCACTAAGTTGAAT,5
TGCCACTTAGTGCACC,5
TGCCACTTGGCTATGT,5
TGCCAGTGAACAGGAG,5
TGCCAGTTATTGAAGT,5
TGCCAGTTATTGAAGT,5
TGCCAGTTATTGAAGT,5
TGCCATTAAGTGCACC,5
TGCCGAATACCATAAT,5
TGCCGGGAGTCTACTC,5
TGCCTAAAATCGGTTT,5
TGCCTAAAATCGGTTT,5
TGCCTAAAATCGGTTT,5
TGCCTGAAACCTACTT,5
TGCCTGAGACTTATGT,5
TGCCTGATACTTATGT,5
TGCCTGCTAGCTGGGT,5
TGCCTGCTAGTTGGGT,5
TGCCTTGGTGCAGGTC,5
TGCGAAGATCTAAAAC,5
TGCGGCCTATCATGCC,5
TGCGGCCTATCATGCC,5
TGCGGCCTTTCACGCT,5
TGCGTACAGTCAGATG,5
TGCGTGAATCTCAATT,5
TGCGTGAATCTTAATT,5
TGCGTGCAACCCGCTT,5
TGCGTGCATCCCGCTT,5
TGCGTGCGTGCATCCC,5
TGCGTTAATCTTAATT,5
TGCTAAAGACCAGTAC,5
TGCTAAAGACCAGTAT,5
TGCTAACAATCTAACT,5
TGCTAACTAATGATTC,5
TGCTAACTAATGGTTC,5
TGCTAAGAAACAAGTT,5
TGCTAAGAACAGAGCC,5
TGCTAAGAATAGAGCC,5
TGCTAAGGGTGATAGC,5
TGCTAATCACCAAGCT,5
TGCTACACACCTTCCA,5
TGCTAGAGACCTCATT,5
TGCTAGTGGCCCAACT,5
TGCTATAAGAGGAACC,5
TGCTATTAAATTGTAC,5
TGCTCGATAACCGTGC,5
TGCTCTGAATGTATTC,5
TGCTCTTAACCATCTC,5
TGCTCTTAATCATCTC,5
TGCTGATAGTGGTGAC,5
TGCTGATGACTCAGGT,5
TGCTGATGATTCAGGT,5
TGCTGATGATTTAAAC,5
TGCTGGACAACAGGGC,5
TGCTGTGAATTTTACT,5
TGCTGTTAATCAATCT,5
TGCTTACGGTCTTTGC,5
TGCTTATAACCCTGAT,5
TGCTTATAGACTATTT,5
TGCTTATAGCCTATTT,5
TGCTTATAGCCTGTTT,5
TGCTTATAGCCTGTTT,5
TGCTTATGAACGCGAC,5
TGCTTATGGTCTTTGC,5
TGCTTATGGTCTTTGC,5
TGCTTATGGTCTTTGC,5
TGCTTCAAAACCTTTG,5
TGCTTCTAATTAACAT,5
TGCTTGTTCTTACAGT,5
TGCTTTAGATCAAGCC,5
TGCTTTAGATCAAGCT,5
TGCTTTTAACTTTCTT,5
TGCTTTTAATCAACTT,5
TGCTTTTAATCAGCTT,5
TGCTTTTAATCAGTTT,5
TGCTTTTAATTAACAT,5
TGGAATGAAACGTTAT,5
TGGACATAGGCGTGTT,5
TGGACTTGGATTGTAC,5
TGGAGAAGTTCATGTC,5
TGGAGAAGTTTATGTC,5
TGGAGCTTGCGTGGTC,5
TGGAGTATGCCATATC,5
TGGATATAGGCGTGTT,5
TGGATATAGGCGTGTT,5
TGGATATCACTGATGC,5
TGGATTAGACTCCCTT,5
TGGATTATGATTATGC,5
TGGATTATGATTATGC,5
TGGATTTAGCCAAGTT,5
TGGCAGCATCTGACAT,5
TGGCATCATTCTATTG,5
TGGCCGCAAATTGCAC,5
TGGCCTAGCTCTCTAC,5
TGGCCTGCAACCGTGT,5
TGGCTACAAACAATGT,5
TGGCTGAATGTAAAGC,5
TGGCTGAATGTAAAGC,5
TGGCTGCAACGTAACT,5
TGGCTGCCACCTCTGC,5
TGGCTGCGACCTCTGC,5
TGGCTGTGAACAATCC,5
TGGCTTCAAACCAAAT,5
TGGCTTTAAACCAAAT,5
TGGGACCAGACATACC,5
TGGGAGATTCTCAAAT,5
TGGGCACAATGTGTAC,5
TGGGCACAGGCTAATG,5
TGGGCTCTTGCCAACC,5
TGGGTATAAAAGACCC,5
TGGGTTTAGCCAAGTT,5
TGGTAAAATTTAGTGC,5
TGGTAAGAGTCTAGGA,5
TGGTAATGAACGGTCT,5
TGGTAATTACCAGTGT,5
TGGTAATTATTTAGCC,5
TGGTACCAATCAGCTT,5
TGGTACTAATCAACTC,5
TGGTACTAATCAGCTC,5
TGGTACTAATCAGCTT,5
TGGTACTAGGCTGCAT,5
TGGTACTGGTTTGTGG,5
TGGTAGAGATCTTTTT,5
TGGTAGTGGTCAGGCT,5
TGGTAGTGGTTACTAC,5
TGGTAGTGGTTACTAT,5
TGGTAGTGGTTATTAC,5
TGGTATGAAACGTTAC,5
TGGTATGAAACGTTAC,5
TGGTATGAAACGTTAT,5
TGGTCATTACCAGACT,5
TGGTCTTTGGCTTGAC,5
TGGTGACAACCTCCAC,5
TGGTGACAACCTCCAC,5
TGGTGACAACCTCCAC,5
TGGTGACAACCTCCAC,5
TGGTGACAACCTCCAC,5
TGGTGACAACCTCCAT,5
TGGTGACAACCTTCAC,5
TGGTGATATGTATGTC,5
TGGTGATATGTATGTT,5
TGGTGATGGTCTTATA,5
TGGTGATTGTCTGCGT,5
TGGTGGTAATTATAAT,5
TGGTGGTGACCACTAT,5
TGGTGGTGACCATTAT,5
TGGTGGTGTCTATGAC,5
TGGTGGTGTCTATGAC,5
TGGTGGTTACCACTAC,5
TGGTGGTTACTACGTC,5
TGGTGGTTATCACTAC,5
TGGTGTCTTTCAGAAT,5
TGGTGTTGTCTAGTTT,5
TGGTGTTGTCTGTTAT,5
TGGTGTTGTTTGTTAT,5
TGGTGTTTTTCAGAAT,5
TGGTTACTGTGTGGAG,5
TGGTTACTGTGTGGAT,5
TGGTTACTTCCTTCCT,5
TGGTTATATACCCTCC,5
TGGTTATCATTCAAAC,5
TGGTTGCAAACTCACT,5
TGGTTGCAAACTCATT,5
TGGTTGCAAACTTACT,5
TGGTTGCAAACTTATT,5
TGGTTGCGTTCTGTGT,5
TGGTTGTGAACAATCC,5
TGGTTGTGTTCCACTC,5
TGGTTTTAAACCTAAC,5
TGGTTTTAAACCTAAC,5
TGGTTTTAAACCTAAT,5
TGGTTTTAAGTATTTC,5
TGGTTTTATGCCATCT,5
TGTAAATCACATAAAC,5
TGTAACCCACCAGATC,5
TGTAACCCACCGGATC,5
TGTAAGAAGTTCCTTT,5
TGTAAGAAGTTCTTTT,5
TGTAATACACCTACTC,5
TGTAATCCACCAGATC,5
TGTAATGCGCCCTAAC,5
TGTAATGTACCAAAAT,5
TGTAATGTACCAAAAT,5
TGTACAAATGTTAAGT,5
TGTACATTGGCGACCC,5
TGTACCCAACCATTAC,5
TGTAGAGTTCCTAGTC,5
TGTAGATGACATTTAT,5
TGTAGATGACATTTAT,5
TGTAGATGTTCTTGTC,5
TGTAGGTGTTCTTGTT,5
TGTATAAAGGCAAACC,5
TGTATACCAGCATCAC,5
TGTATACCGGCATCAC,5
TGTATATAATTTAGTC,5
TGTATATAATTTAGTC,5
TGTATGTGCCTAAAGC,5
TGTATGTGCCTAAAGC,5
TGTATTGTGCCTTTAC,5
TGTATTGTGCTTTTAC,5
TGTCAAAAAACCATTT,5
TGTCACTTGTTAACTT,5
TGTCAGAAGACAAGTT,5
TGTCAGATGCTGACAT,5
TGTCATTATTTAGTCT,5
TGTCATTATTTAGTTC,5
TGTCATTATTTAGTTT,5
TGTCATTTAGTATGTC,5
TGTCATTTGTTATGAC,5
TGTCGCTTATGCAGAC,5
TGTCGGATGCTGACAT,5
TGTCGGTGGACAAATT,5
TGTCTAAAATCCATAG,5
TGTCTACAATTATTAC,5
TGTCTACTCCCAATGC,5
TGTCTAGGTGCAGGTC,5
TGTCTAGTGTTGACAC,5
TGTCTATATTCATTTC,5
TGTCTGTTGCTAAGGT,5
TGTCTTCTTTTGAGTT,5
TGTCTTGGTGCAGGTC,5
TGTGAACAAGCTTATC,5
TGTGAACAATCTTATC,5
TGTGAACAATTTTATC,5
TGTGAACAGTCTTATC,5
TGTGAATCAACTAAAC,5
TGTGAATGTCTTGTAT,5
TGTGACATACCAAAAC,5
TGTGACTTATCTTAAT,5
TGTGAGTGATGGTGTT,5
TGTGATCAACTCCGCG,5
TGTGATGAGTTCACAC,5
TGTGATGAGTTCACGC,5
TGTGCAATATTATTGC,5
TGTGCAATATTATTGT,5
TGTGCTAAATCTAAGC,5
TGTGGAGTATCCCATC,5
TGTGGATTTCCTACTT,5
TGTGGCTATTCTGAAC,5
TGTGGTGAGTCTATGG,5
TGTGGTTATTCTGAAC,5
TGTGGTTCAACTAAAC,5
TGTGGTTCACCTTACC,5
TGTGTAGAATCATCGC,5
TGTGTAGAATCTTCGC,5
TGTGTAGAATCTTTGC,5
TGTGTATAATCCACTT,5
TGTGTTTAGTCAAGTT,5
TGTTAAAAAACCATTT,5
TGTTAAAAATCTGAAC,5
TGTTAAAAATCTGAAT,5
TGTTAAAAATCTTAAC,5
TGTTAAAAATTTAAAC,5
TGTTAAAAATTTAAAT,5
TGTTAAAGACTGATAG,5
TGTTAAATACTATGCT,5
TGTTAAATGCCATAAT,5
TGTTAAATGGGAACAT,5
TGTTAACAACTAAACG,5
TGTTAACGGGCATTGC,5
TGTTAACGGGCATTGC,5
TGTTAACGGTCCATTT,5
TGTTAACTAATGGGTC,5
TGTTAACTAATGGTTC,5
TGTTAACTAATGGTTC,5
TGTTAACTAATGGTTC,5
TGTTAACTAATGGTTC,5
TGTTAACTGGCATTGC,5
TGTTAAGAATCTTAAC,5
TGTTAAGACTCTTTTG,5
TGTTAAGCGTCGTGCT,5
TGTTAAGTATTTTGAG,5
TGTTAATAACGCTACT,5
TGTTAATCAACAAGGC,5
TGTTAATCAACAGGGT,5
TGTTAATGATGAAAAT,5
TGTTAATGCCTATATT,5
TGTTAATGGTTATGCT,5
TGTTAATTATTTAGGT,5
TGTTACTAAACTATGC,5
TGTTACTAAACTATGC,5
TGTTACTAGGCTGCAT,5
TGTTACTAGGCTGCAT,5
TGTTACTAGGCTGCAT,5
TGTTACTAGGCTGTAT,5
TGTTAGAGACTGGCTT,5
TGTTATGGATGTTAAC,5
TGTTATGGGCTTGTTC,5
TGTTATGGTTTTAATG,5
TGTTATTAAACCTGTT,5
TGTTATTAATTATTTT,5
TGTTATTGAGCAAGGG,5
TGTTATTGAGCCAGGG,5
TGTTATTTATGGTCTC,5
TGTTATTTATTTTGAC,5
TGTTCACGATCAAGTT,5
TGTTCAGGGGCCACCT,5
TGTTCTGCGTCAACCT,5
TGTTCTGCGTCAATCT,5
TGTTCTTAACCGTGTT,5
TGTTCTTAATCGTGTT,5
TGTTGACAACTTGGTT,5
TGTTGACAACTTGGTT,5
TGTTGACTATGTGAGT,5
TGTTGATAAACAAGTT,5
TGTTGATGACTCAGGT,5
TGTTGATGATTCAGGT,5
TGTTGATGGCCTTTCT,5
TGTTGCTAACCCTAGC,5
TGTTGCTGAAGAACCT,5
TGTTGCTGATGAACCT,5
TGTTGGATGATTTTGT,5
TGTTGGATGATTTTGT,5
TGTTGGCCATTATGTT,5
TGTTGGCTATTATGCC,5
TGTTGGTAATCACCGT,5
TGTTGTAAAACAGTGT,5
TGTTGTAGACGGTTGT,5
TGTTGTCAACTTTATC,5
TGTTGTTAAACAAGGC,5
TGTTGTTAAACCAGTC,5
TGTTGTTGAAGAACCT,5
TGTTGTTGAGTCTTCT,5
TGTTGTTGGTATAGTC,5
TGTTTATAACCCATAT,5
TGTTTATAATCATTTC,5
TGTTTATATTCATTTC,5
TGTTTATGATTTAACC,5
TGTTTCAAGTTTACCC,5
TGTTTGAGACTATTCC,5
TGTTTGTACAGAAATT,5
TGTTTGTATTTATTGC,5
TGTTTTGAAACAAGCT,5
TGTTTTTAAACAAGGC,5
TGTTTTTAGTGTTGTC,5
TGTTTTTGAACTTCAT,5
TGTTTTTGAACTTCGT,5
TTAAAATTAATGACAC,5
TTAAAATTAATGATAC,5
TTAAAATTAATGATAC,5
TTAAAATTGGTGGTTT,5
TTAAACCCGTCCAGCT,5
TTAACATTGCTCATGC,5
TTAAGACAGGTGTTTC,5
TTAAGCCAGGTGGTAC,5
TTAAGTCTATCGCTTC,5
TTAATAGAGGCAGAAA,5
TTAATATTGCTCATGC,5
TTACAAACGTCAGAAC,5
TTACAACCATTAGAAC,5
TTACAATGGCCGATGG,5
TTACAGAAACCATTAC,5
TTACAGAGATTGGTCC,5
TTACATCAGCCGCTTC,5
TTACATTAAGCTAAAT,5
TTACCATATCCAGATC,5
TTACGTGTACCTGCCT,5
TTACTAGAACTCTGTC,5
TTACTATAATCCTAAC,5
TTACTATAATCTTAAC,5
TTACTATAATCTTAAC,5
TTACTGCTACTAACTC,5
TTACTGTGAATGTCAC,5
TTACTGTTGTTTGTGC,5
TTAGATGATTTAGTTC,5
TTAGATTGGGTTAAAC,5
TTAGTGCTACCAACTC,5
TTAGTGCTTTTAAAGC,5
TTAGTGTTGTCAATGC,5
TTATAAAATTTGGTAT,5
TTATAATAAGCCTACC,5
TTATAATAGTCAGAAC,5
TTATATATGCCAATGT,5
TTATATTAATGATGTT,5
TTATCGCATCTAACAC,5
TTATCTCGATTTCGTC,5
TTATCTTAATGAACTT,5
TTATGAGTAGTAAAAC,5
TTATGAGTAGTAAACC,5
TTATGATGATTTGGTT,5
TTATGCTTATTATGCT,5
TTATGCTTATTATGCT,5
TTATGGCAGCCCCTGC,5
TTATGGCGGCCAACCT,5
TTATGGTGTTTATGGC,5
TTATGTGTACCTTCCT,5
TTATTAATACCATGGT,5
TTATTACTGTTGAGGC,5
TTATTCTGTCCTATAT,5
TTATTTAAAGCAAGAT,5
TTCAAAAGTTCAAGAC,5
TTCAAACAAATTGTTG,5
TTCAAACTGTTGATTC,5
TTCAGTTAACCAAATT,5
TTCATGATGTTGAACC,5
TTCCAAAGAGTCAGGC,5
TTCCAATCATTGAAGT,5
TTCCAATGGCTGGTTT,5
TTCCAATTATTGAAGT,5
TTCCATTAATGATGTT,5
TTCCCACAAGCAGCCC,5
TTCCTTGAGCCAAAAC,5
TTCTAAAGACCAGTAC,5
TTCTAATGATTTATTG,5
TTCTACGAGCCGTTTC,5
TTCTAGTGTTGAGTGC,5
TTCTTATGGCCGTATC,5
TTCTTCAACTCGTAAC,5
TTCTTTTAAACCAGGT,5
TTGAAAAACTCAGGCC,5
TTGAAACGGCCCATTC,5
TTGAAACGGCCTATTC,5
TTGAAGAAGTTACAAC,5
TTGAAGGCGCTCATGC,5
TTGAGAATGTCAAATC,5
TTGAGAGTGCCAACCT,5
TTGAGGAAGCTAAGAC,5
TTGAGGGCGCTCATGC,5
TTGAGGGTGCTCATGC,5
TTGATAATATCTATGT,5
TTGATAATGTCTATGT,5
TTGATGCTACCAATTC,5
TTGATTTTGCTTATTT,5
TTGATTTTGCTTGTTT,5
TTGCAATGGCCGATGG,5
TTGCCTCAACTTGAAC,5
TTGGAGAGAGTGGTGC,5
TTGGCTTAATCATGGC,5
TTGGGACTACCAACTC,5
TTGGTATAGTCTACTC,5
TTGGTATAGTCTACTC,5
TTGTAAAGAATAGTAC,5
TTGTAACAACAAAGAT,5
TTGTACGTATCGTGCG,5
TTGTACGTGTCGTGCG,5
TTGTAGAAACTGTTTC,5
TTGTCAAGTCCATGGT,5
TTGTCAATACCTAAAT,5
TTGTCACAACTTGTGC,5
TTGTCACAATTTGTGC,5
TTGTCATAATTTGTGC,5
TTGTCGTTGTCAGATC,5
TTGTGATGGTGAAAAC,5
TTGTGATTATGTGTAT,5
TTGTGATTATGTTTAC,5
TTGTGATTATGTTTAC,5
TTGTGTGGGTCATGTG,5
TTGTGTTTACCTACAT,5
TTGTTAAAAACAGTAC,5
TTGTTAAATTTAAAAC,5
TTGTTAATACCATGGT,5
TTGTTAGAATCAGAAT,5
TTGTTATGAACAACAT,5
TTGTTATGAATAACAT,5
TTGTTGTATGCGTGCC,5
TTGTTGTATGCGTGCC,5
TTGTTTTTACTAGGAC,5
TTTAAACAAGCAAAGC,5
TTTAAACACCTCATAC,5
TTTAAACATCTTATAC,5
TTTAAACCACCATTTC,5
TTTAAAGGTTTAGCAC,5
TTTAAATAAGCAAAGC,5
TTTAAGTAATTCTTCT,5
TTTAATAAATCTAAAC,5
TTTAATGAAACTAAAG,5
TTTAATGATTTGTCAC,5
TTTAATTATTTGAAGT,5
TTTACAAAATCCTTAC,5
TTTACACCACTAATTC,5
TTTACGTAGTCATGAC,5
TTTAGACGATTTTATT,5
TTTAGACGATTTTTTT,5
TTTATATAAGCGTAAT,5
TTTATATTGGTGATCC,5
TTTATATTGGTGATCC,5
TTTATGAAACCATAGT,5
TTTATGAGAACAAGTT,5
TTTATTCAAACAAGCT,5
TTTCAAAGAACTATGG,5
TTTCAATCGTCAACTC,5
TTTCAATTGTCAACTC,5
TTTCAATTGTCAATTC,5
TTTCCGTTATCCCTGC,5
TTTCCGTTATCCCTGC,5
TTTCCGTTATCCCTGC,5
TTTGAAGAAGCTGCGC,5
TTTGAATGCACCAAAT,5
TTTGATAAATCTAAAC,5
TTTGTACTATCAGAAT,5
TTTGTACTATCAGAAT,5
TTTGTAGTACTGATGC,5
TTTGTATTACCAGAAT,5
TTTGTATTGTCGAGCC,5
TTTGTATTGTCGAGCT,5
TTTGTATTGTCGGGCC,5
TTTGTATTGTCGGGCC,5
TTTGTATTGTCGGGCT,5
TTTTAAAAGATATGCC,5
TTTTAAAAGCTAATCC,5
TTTTAACCATCAGTTT,5
TTTTACTAAGCTATTT,5
TTTTAGTAATCATTTA,5
TTTTATTAAACAAAAT,5
TTTTGAAAGCTAATCC,5
TTTTGAAGACCAACCT,5
TTTTGATGACCAACCT,5
TTTTGGATACCTTTTT,5
TTTTGGCGGCCAACCT,5
TTTTGTCAATTTAGAC,5
TTTTGTGTTTCAAGTT,5
TTTTGTTAAACAAGGC,5
TTTTGTTAACTTAGAC,5
TTTTGTTTACTGACTC,5
TTTTGTTTTTCAAGTT,5
TTTTTACAAATAAAAC,5
TTTTTACATTTTGTGC,5
